t,state,holdoverMs,qualityMs,residualMs,freqPpm,tempC,tempRefC,tempCorrPpm,ppsCount,sat,fix,rssi,holdoverSec
0.03,LCK,0,17,0,-12.01838,42.8,42.8,0,55,14,True,-29,1800
1.23,LCK,0,16,0,-11.98971,42.8,42.8,0,56,14,True,-29,1800
2.05,LCK,0,16,0,-11.96677,42.8,42.8,0,57,14,True,-29,1800
3.08,LCK,0,16,0,-11.94841,42.8,42.8,0,58,14,True,-30,1800
4.11,LCK,0,16,0,-11.88373,42.8,42.8,0,59,14,True,-28,1800
5.12,LCK,0,16,0,-11.90699,42.8,42.8,0,60,14,True,-30,1800
6.15,LCK,0,16,0,-11.87559,42.8,42.8,0,61,14,True,-30,1800
7.18,LCK,0,16,0,-11.87547,43.8,42.8,-0.14,62,14,True,-29,1800
8.2,LCK,0,16,0,-11.90038,42.8,43.8,0.14,63,14,True,-30,1800
9.22,LCK,0,16,0,-11.9203,42.8,42.8,0,64,14,True,-29,1800
10.04,LCK,0,16,0,-11.93624,42.8,42.8,0,65,14,True,-30,1800
11.06,LCK,0,16,0,-11.94899,42.8,42.8,0,66,14,True,-30,1800
12.08,LCK,0,17,0,-12.0092,42.8,42.8,0,67,14,True,-29,1800
13.11,LCK,0,16,0,-11.98236,42.8,42.8,0,68,14,True,-28,1800
14.13,LCK,0,16,0,-11.96089,42.8,42.8,0,69,14,True,-28,1800
15.17,LCK,0,16,0,-11.96871,42.8,42.8,0,70,14,True,-29,1800
16.18,LCK,0,16,0,-11.97497,42.8,42.8,0,71,14,True,-28,1800
17.21,LCK,0,16,0,-11.97997,42.8,42.8,0,72,14,True,-28,1800
18.23,LCK,0,16,0,-11.98398,42.8,42.8,0,73,14,True,-28,1800
19.05,LCK,0,16,0,-11.98718,42.8,42.8,0,74,14,True,-29,1800
20.07,LCK,0,16,0,-11.98975,42.8,42.8,0,75,14,True,-30,1800
21.1,LCK,0,17,0,-12.0168,42.8,42.8,0,76,14,True,-30,1800
22.12,LCK,0,17,0,-12.06344,42.8,42.8,0,77,14,True,-30,1800
23.14,LCK,0,17,0,-12.05075,42.8,42.8,0,78,14,True,-29,1800
24.17,LCK,0,17,0,-12.0406,42.8,42.8,0,79,14,True,-29,1800
25.19,LCK,0,17,0,-12.03248,42.8,42.8,0,80,14,True,-29,1800
26.22,LCK,0,17,0,-12.00099,42.8,42.8,0,81,14,True,-29,1800
27.24,LCK,0,17,0,-12.00079,42.8,42.8,0,82,14,True,-29,1800
28.07,LCK,0,17,0,-12.00063,42.8,42.8,0,83,14,True,-30,1800
29.08,LCK,0,17,0,-12.00051,42.8,42.8,0,84,14,True,-28,1800
30.11,LCK,0,17,0,-12.0004,42.8,42.8,0,85,14,True,-29,1800
31.13,LCK,0,17,0,-12.00032,42.8,42.8,0,86,14,True,-29,1800
32.16,LCK,0,17,0,-12.00026,42.8,42.8,0,87,14,True,-28,1800
33.18,LCK,0,17,0,-12.00021,42.8,42.8,0,88,14,True,-27,1800
36.24,LCK,0,16,0,-11.83911,42.8,42.8,0,91,14,True,-28,1800
36.27,LCK,0,16,0,-11.83911,42.8,42.8,0,91,14,True,-28,1800
36.29,LCK,0,16,0,-11.82129,42.8,42.8,0,92,14,True,-28,1800
37.07,LCK,0,16,0,-11.82129,43.8,42.8,-0.14,92,14,True,-27,1800
38.09,LCK,0,16,0,-11.85703,42.8,43.8,0.14,93,14,True,-27,1800
39.12,LCK,0,16,0,-11.88562,42.8,42.8,0,94,14,True,-26,1800
40.15,LCK,0,16,0,-11.9085,42.8,42.8,0,95,14,True,-26,1800
41.16,LCK,0,16,0,-11.9268,42.8,42.8,0,96,14,True,-26,1800
42.2,LCK,0,16,0,-11.94144,42.8,42.8,0,97,14,True,-27,1800
43.22,LCK,0,16,0,-11.95315,42.8,42.8,0,98,14,True,-27,1800
44.24,LCK,0,17,0,-12.08752,42.8,42.8,0,99,14,True,-30,1800
45.06,LCK,0,17,0,-12.09502,42.8,42.8,0,100,14,True,-28,1800
46.08,LCK,0,17,0,-12.07601,42.8,42.8,0,101,14,True,-28,1800
47.1,LCK,0,17,0,-12.01081,42.8,42.8,0,102,14,True,-27,1800
48.13,LCK,0,16,0,-11.98365,42.8,42.8,0,103,14,True,-30,1800
49.16,LCK,0,16,0,-11.98692,42.8,42.8,0,104,14,True,-30,1800
50.18,LCK,0,16,0,-11.98954,42.8,42.8,0,105,14,True,-30,1800
51.2,LCK,0,17,0,-12.01663,42.8,42.8,0,106,14,True,-28,1800
52.23,LCK,0,17,0,-12.0133,42.8,42.8,0,107,14,True,-30,1800
53.05,LCK,0,17,0,-12.01064,42.8,42.8,0,108,14,True,-29,1800
54.07,LCK,0,17,0,-12.00851,42.8,42.8,0,109,14,True,-29,1800
55.1,LCK,0,17,0,-12.05681,42.8,42.8,0,110,14,True,-30,1800
56.12,LCK,0,17,0,-12.07045,42.8,42.8,0,111,14,True,-30,1800
57.14,LCK,0,17,0,-12.03136,42.8,42.8,0,112,14,True,-29,1800
58.17,LCK,0,17,0,-12.07509,42.8,42.8,0,113,14,True,-29,1800
59.19,LCK,0,17,0,-12.06007,42.8,42.8,0,114,13,True,-30,1800
60.21,LCK,0,17,0,-12.04806,42.8,42.8,0,115,13,True,-29,1800
61.24,LCK,0,17,0,-12.03845,42.8,42.8,0,116,13,True,-29,1800
62.06,LCK,0,17,0,-12.03076,42.8,42.8,0,117,13,True,-29,1800
63.08,LCK,0,17,0,-12.02461,42.8,42.8,0,118,13,True,-36,1800
64.1,LCK,0,17,0,-12.01968,42.8,42.8,0,119,13,True,-30,1800
65.13,LCK,0,17,0,-12.04075,42.8,42.8,0,120,13,True,-29,1800
66.15,LCK,0,17,0,-12.0076,42.8,42.8,0,121,13,True,-30,1800
67.18,LCK,0,17,0,-12.00608,43.8,42.8,-0.14,122,14,True,-36,1800
68.2,LCK,0,17,0,-12.00486,42.8,43.8,0.14,123,14,True,-30,1800
69.22,LCK,0,17,0,-12.02889,42.8,42.8,0,124,14,True,-29,1800
70.04,LCK,0,17,0,-12.02311,42.8,42.8,0,125,14,True,-28,1800
71.07,LCK,0,17,0,-12.01849,42.8,42.8,0,126,14,True,-30,1800
72.09,LCK,0,17,0,-12.01479,42.8,42.8,0,127,14,True,-30,1800
73.11,LCK,0,17,0,-12.03683,42.8,42.8,0,128,14,True,-29,1800
74.14,LCK,0,17,0,-12.07947,42.8,42.8,0,129,14,True,-30,1800
75.16,LCK,0,17,0,-12.08857,42.8,42.8,0,130,14,True,-29,1800
76.19,LCK,0,17,0,-12.09586,42.8,42.8,0,131,14,True,-30,1800
77.22,LCK,0,17,0,-12.02669,42.8,42.8,0,132,14,True,-29,1800
78.24,LCK,0,17,0,-12.02135,42.8,42.8,0,133,14,True,-28,1800
79.05,LCK,0,17,0,-12.04208,42.8,42.8,0,134,14,True,-29,1800
80.08,LCK,0,17,0,-12.05866,42.8,42.8,0,135,14,True,-29,1800
81.11,LCK,0,17,0,-12.04693,42.8,42.8,0,136,14,True,-35,1800
82.13,LCK,0,17,0,-12.03755,43.8,42.8,-0.14,137,14,True,-29,1800
83.16,LCK,0,17,0,-12.03004,42.8,43.8,0.14,138,14,True,-30,1800
84.17,LCK,0,17,0,-12.02403,42.8,42.8,0,139,14,True,-28,1800
85.2,LCK,0,17,0,-12.09422,42.8,42.8,0,140,14,True,-28,1800
86.22,LCK,0,17,0,-12.10038,42.8,42.8,0,141,14,True,-29,1800
87.05,LCK,0,17,0,-12.0803,42.8,42.8,0,142,14,True,-27,1800
88.07,LCK,0,17,0,-12.06424,42.8,42.8,0,143,14,True,-28,1800
89.09,LCK,0,17,0,-12.05139,42.8,42.8,0,144,14,True,-60,1800
90.11,LCK,0,17,0,-12.04112,42.8,42.8,0,145,14,True,-49,1800
91.14,LCK,0,17,0,-12.03289,42.8,42.8,0,146,14,True,-53,1800
92.16,LCK,0,17,0,-12.02631,42.8,42.8,0,147,14,True,-49,1800
93.18,LCK,0,17,0,-12.02105,42.8,42.8,0,148,14,True,-62,1800
94.21,HLD,421,117,0,-12.02105,42.8,42.8,0,148,14,True,-48,1800
95.23,HLD,1446,117,0,-12.02105,42.8,42.8,0,148,14,True,-50,1800
96.06,HLD,2266,117,0,-12.02105,42.8,42.8,0,148,14,True,-48,1800
97.08,HLD,3286,117,0,-12.02105,42.8,42.8,0,148,14,True,-54,1800
98.1,HLD,4312,117,0,-12.02105,42.8,42.8,0,148,14,False,-42,1800
99.12,HLD,5333,117,0,-12.02105,42.8,42.8,0,148,14,False,-34,1800
100.14,HLD,6353,117,0,-12.02105,42.8,42.8,0,148,14,False,-58,1800
101.17,HLD,7384,117,0,-12.02105,42.8,42.8,0,148,14,False,-53,1800
102.2,HLD,8410,117,0,-12.02105,42.8,42.8,0,148,14,False,-48,1800
103.22,HLD,9430,117,0,-12.02105,42.8,42.8,0,148,14,False,-50,1800
104.05,HLD,10256,117,0,-12.02105,42.8,42.8,0,148,14,False,-49,1800
105.07,HLD,11281,117,0,-12.02105,42.8,42.8,0,148,14,False,-52,1800
106.09,HLD,12297,117,0,-12.02105,42.8,42.8,0,148,14,False,-44,1800
107.11,HLD,13322,117,0,-12.02105,42.8,42.8,0,148,14,False,-47,1800
108.14,HLD,14347,117,0,-12.02105,42.8,42.8,0,148,14,False,-48,1800
109.16,HLD,15366,117,0,-12.02105,42.8,42.8,0,148,14,False,-48,1800
110.18,HLD,16392,117,0,-12.02105,42.8,42.8,0,148,14,False,-39,1800
111.21,HLD,17417,117,0,-12.02105,42.8,42.8,0,148,14,False,-46,1800
112.23,HLD,18443,117,0,-12.02105,42.8,42.8,0,148,14,False,-46,1800
113.05,HLD,19259,117,0,-12.02105,42.8,42.8,0,148,14,False,-46,1800
114.08,HLD,20284,118,0,-12.02105,43.8,42.8,-0.14,148,14,False,-45,1800
115.1,HLD,21305,118,0,-12.02105,42.8,42.8,0,148,14,False,-50,1800
116.13,HLD,22341,118,0,-12.02105,42.8,42.8,0,148,14,False,-54,1800
117.15,HLD,23357,118,0,-12.02105,42.8,42.8,0,148,14,False,-56,1800
118.99,HLD,25199,118,0,-12.02105,42.8,42.8,0,148,14,False,-47,1800
119.02,HLD,25229,118,0,-12.02105,42.8,42.8,0,148,14,False,-47,1800
120.22,HLD,26434,118,0,-12.02105,42.8,42.8,0,148,14,False,-51,1800
121.04,HLD,27256,118,0,-12.02105,44.8,42.8,-0.28,148,14,False,-46,1800
122.1,HLD,28306,118,0,-12.02105,42.8,42.8,0,148,14,False,-46,1800
123.09,HLD,29298,118,0,-12.02105,42.8,42.8,0,148,14,False,-46,1800
124.11,HLD,30320,118,0,-12.02105,42.8,42.8,0,148,14,False,-46,1800
125.14,HLD,31345,118,0,-12.02105,44.8,42.8,-0.28,148,14,False,-45,1800
126.16,HLD,32370,118,0,-12.02105,43.8,42.8,-0.14,148,14,False,-45,1800
127.18,HLD,33392,118,0,-12.02105,43.8,42.8,-0.14,148,14,False,-45,1800
128.21,HLD,34417,118,0,-12.02105,43.8,42.8,-0.14,148,14,False,-45,1800
129.23,HLD,35440,118,0,-12.02105,42.8,42.8,0,148,14,False,-46,1800
130.05,HLD,36260,118,0,-12.02105,43.8,42.8,-0.14,148,14,False,-46,1800
131.08,HLD,37291,118,0,-12.02105,42.8,42.8,0,148,14,False,-46,1800
132.1,HLD,38308,118,0,-12.02105,42.8,42.8,0,148,14,False,-45,1800
133.12,HLD,39329,118,0,-12.02105,43.8,42.8,-0.14,148,14,False,-46,1800
134.15,HLD,40355,119,0,-12.02105,42.8,42.8,0,148,14,False,-50,1800
135.17,HLD,41382,119,0,-12.02105,44.8,42.8,-0.28,148,14,False,-51,1800
136.2,HLD,42408,119,0,-12.02105,42.8,42.8,0,148,14,False,-49,1800
137.03,HLD,43243,119,0,-12.02105,43.8,42.8,-0.14,148,14,False,-49,1800
138.04,HLD,44253,119,0,-12.02105,42.8,42.8,0,148,14,False,-49,1800
139.06,HLD,45269,119,0,-12.02105,42.8,42.8,0,148,14,False,-48,1800
140.09,HLD,46299,119,0,-12.02105,42.8,42.8,0,148,14,False,-49,1800
141.11,HLD,47320,119,0,-12.02105,42.8,42.8,0,148,14,False,-49,1800
142.13,HLD,48341,119,0,-12.02105,42.8,42.8,0,148,14,False,-51,1800
143.16,HLD,49366,119,0,-12.02105,42.8,42.8,0,148,14,False,-50,1800
144.19,HLD,50396,119,0,-12.02105,42.8,42.8,0,148,14,False,-49,1800
145.21,HLD,51421,119,0,-12.02105,42.8,42.8,0,148,14,False,-50,1800
146.23,HLD,52437,119,0,-12.02105,42.8,42.8,0,148,14,False,-51,1800
147.05,HLD,53258,119,0,-12.02105,42.8,42.8,0,148,14,False,-49,1800
148.07,HLD,54283,119,0,-12.02105,42.8,42.8,0,148,14,False,-49,1800
149.1,HLD,55314,119,0,-12.02105,42.8,42.8,0,148,14,False,-49,1800
150.12,HLD,56330,119,0,-12.02105,42.8,42.8,0,148,14,False,-50,1800
151.15,HLD,57355,119,0,-12.02105,42.8,42.8,0,148,14,False,-50,1800
152.17,HLD,58381,119,0,-12.02105,42.8,42.8,0,148,14,False,-50,1800
153.2,HLD,59406,119,0,-12.02105,42.8,42.8,0,148,14,False,-51,1800
154.22,HLD,60427,120,0,-12.02105,42.8,42.8,0,148,14,False,-52,1800
155.04,HLD,61244,120,0,-12.02105,42.8,42.8,0,148,14,False,-50,1800
156.06,HLD,62274,120,0,-12.02105,42.8,42.8,0,148,14,False,-55,1800
157.49,HLD,63704,120,0,-12.02105,42.8,42.8,0,148,14,False,-49,1800
158.11,HLD,64315,120,0,-12.02105,42.8,42.8,0,148,14,False,-51,1800
159.13,HLD,65340,120,0,-12.02105,42.8,42.8,0,148,14,False,-48,1800
160.16,HLD,66365,120,0,-12.02105,42.8,42.8,0,148,14,False,-49,1800
161.02,HLD,67231,120,0,-12.02105,42.8,42.8,0,148,14,False,-50,1800
162.21,HLD,68412,120,0,-12.02105,42.8,42.8,0,148,14,False,-49,1800
163.05,HLD,69253,120,0,-12.02105,42.8,42.8,0,148,14,False,-49,1800
164.05,HLD,70255,120,0,-12.02105,42.8,42.8,0,148,14,False,-51,1800
165.09,HLD,71300,120,0,-12.02105,42.8,42.8,0,148,14,False,-30,1800
166.1,HLD,72305,120,0,-12.02105,42.8,42.8,0,148,14,False,-34,1800
167.12,HLD,73326,120,0,-12.02105,42.8,42.8,0,148,14,False,-50,1800
168.14,HLD,74352,120,0,-12.02105,42.8,42.8,0,148,14,False,-49,1800
169.02,HLD,75232,120,0,-12.02105,42.8,42.8,0,148,14,False,-55,1800
170.19,HLD,76398,120,0,-12.02105,42.8,42.8,0,148,14,False,-63,1800
171.03,HLD,77243,120,0,-12.02105,42.8,42.8,0,148,14,False,-61,1800
172.24,HLD,78448,120,0,-12.02105,42.8,42.8,0,148,14,False,-49,1800
173.08,HLD,79293,120,0,-12.02105,42.8,42.8,0,148,14,False,-66,1800
174.09,HLD,80299,121,0,-12.02105,42.8,42.8,0,148,14,False,-54,1800
175.16,HLD,81369,121,0,-12.02105,42.8,42.8,0,148,14,False,-72,1800
176.15,HLD,82339,121,0,-12.02105,43.8,42.8,-0.14,148,14,False,-61,1800
177.08,HLD,83285,121,0,-12.02105,42.8,42.8,0,148,14,False,-61,1800
178.18,HLD,84390,121,0,-12.02105,42.8,42.8,0,148,14,False,-59,1800
179.03,HLD,85236,121,0,-12.02105,42.8,42.8,0,148,14,False,-61,1800
180.23,HLD,86437,121,0,-12.02105,42.8,42.8,0,148,14,False,-65,1800
181.07,HLD,87278,121,0,-12.02105,42.8,42.8,0,148,14,False,-61,1800
182.07,HLD,88278,121,0,-12.02105,42.8,42.8,0,148,14,False,-60,1800
183.09,HLD,89303,121,0,-12.02105,42.8,42.8,0,148,14,False,-69,1800
184.12,HLD,90325,121,0,-12.02105,42.8,42.8,0,148,14,False,-66,1800
185.29,HLD,91460,121,0,-12.02105,42.8,42.8,0,148,14,False,-59,1800
186.16,HLD,92375,121,0,-12.02105,43.8,42.8,-0.14,148,14,False,-59,1800
187.11,HLD,93323,121,0,-12.02105,42.8,42.8,0,148,14,False,-60,1800
188.22,HLD,94423,121,0,-12.02105,42.8,42.8,0,148,14,False,-65,1800
189.06,HLD,95269,121,0,-12.02105,42.8,42.8,0,148,14,False,-64,1800
190.06,HLD,96265,121,0,-12.02105,42.8,42.8,0,148,14,False,-64,1800
191.1,HLD,97315,121,0,-12.02105,42.8,42.8,0,148,14,False,-63,1800
192.11,HLD,98316,121,0,-12.02105,42.8,42.8,0,148,14,False,-63,1800
193.13,HLD,99337,121,0,-12.02105,42.8,42.8,0,148,14,False,-68,1800
194.16,HLD,100363,122,0,-12.02105,42.8,42.8,0,148,14,False,-64,1800
195.02,HLD,101235,122,0,-12.02105,42.8,42.8,0,148,14,False,-63,1800
196.31,HLD,102515,122,0,-12.02105,42.8,42.8,0,148,14,False,-67,1800
197.24,HLD,103446,122,0,-12.02105,43.8,42.8,-0.14,148,14,False,-65,1800
198.15,HLD,104357,122,0,-12.02105,42.8,42.8,0,148,14,False,-60,1800
199.19,HLD,105398,122,0,-12.02105,42.8,42.8,0,148,14,False,-61,1800
200.2,HLD,106413,122,0,-12.02105,42.8,42.8,0,148,14,False,-61,1800
201.23,HLD,107428,122,0,-12.02105,42.8,42.8,0,148,14,False,-61,1800
202.06,HLD,108265,122,0,-12.02105,42.8,42.8,0,148,14,False,-61,1800
203.07,HLD,109280,122,0,-12.02105,42.8,42.8,0,148,14,False,-61,1800
204.09,HLD,110298,122,0,-12.02105,42.8,42.8,0,148,14,False,-62,1800
205.14,HLD,111348,122,0,-12.02105,42.8,42.8,0,148,14,False,-61,1800
206.19,HLD,112348,122,0,-12.02105,42.8,42.8,0,148,14,False,-67,1800
207.06,HLD,113264,122,0,-12.02105,42.8,42.8,0,148,14,False,-68,1800
208.19,HLD,114395,122,0,-12.02105,42.8,42.8,0,148,14,False,-62,1800
209.21,HLD,115415,122,0,-12.02105,42.8,42.8,0,148,14,False,-64,1800
210.24,HLD,116446,122,0,-12.02105,42.8,42.8,0,148,14,False,-63,1800
211.05,HLD,117262,122,0,-12.02105,42.8,42.8,0,148,14,False,-62,1800
212.08,HLD,118282,122,0,-12.02105,42.8,42.8,0,148,14,False,-64,1800
213.1,HLD,119312,122,0,-12.02105,42.8,42.8,0,148,14,False,-64,1800
214.12,HLD,120333,123,0,-12.02105,42.8,42.8,0,148,14,False,-63,1800
215.25,HLD,121454,123,0,-12.02105,42.8,42.8,0,148,14,False,-66,1800
216.23,HLD,122384,123,0,-12.02105,42.8,42.8,0,148,14,False,-68,1800
217.2,HLD,123410,123,0,-12.02105,42.8,42.8,0,148,14,False,-61,1800
218.12,HLD,124327,123,0,-12.02105,42.8,42.8,0,148,14,False,-61,1800
219.14,HLD,125348,123,0,-12.02105,42.8,42.8,0,148,14,False,-62,1800
221.61,HLD,127814,123,0,-12.02105,42.8,42.8,0,148,14,False,-62,1800
221.64,HLD,127844,123,0,-12.02105,42.8,42.8,0,148,14,False,-62,1800
222.22,HLD,128424,123,0,-12.02105,42.8,42.8,0,148,14,False,-62,1800
223.24,HLD,129450,123,0,-12.02105,42.8,42.8,0,148,14,False,-62,1800
224.06,HLD,130265,123,0,-12.02105,42.8,42.8,0,148,14,False,-65,1800
225.08,HLD,131286,123,0,-12.02105,42.8,42.8,0,148,14,False,-63,1800
226.11,HLD,132317,123,0,-12.02105,42.8,42.8,0,148,14,False,-63,1800
227.13,HLD,133337,123,0,-12.02105,42.8,42.8,0,148,14,False,-63,1800
228.15,HLD,134362,123,0,-12.02105,42.8,42.8,0,148,14,False,-62,1800
229.18,HLD,135387,123,0,-12.02105,42.8,42.8,0,148,14,False,-62,1800
230.21,HLD,136412,123,0,-12.02105,42.8,42.8,0,148,14,False,-69,1800
231.23,HLD,137433,123,0,-12.02105,42.8,42.8,0,148,14,False,-62,1800
232.05,HLD,138254,123,0,-12.02105,42.8,42.8,0,148,14,False,-63,1800
233.07,HLD,139274,123,0,-12.02105,42.8,42.8,0,148,14,False,-63,1800
234.09,HLD,140301,124,0,-12.02105,42.8,42.8,0,148,14,False,-63,1800
235.15,HLD,141356,124,0,-12.02105,42.8,42.8,0,148,14,False,-60,1800
236.14,HLD,142346,124,0,-12.02105,42.8,42.8,0,148,14,False,-63,1800
237.06,HLD,143266,124,0,-12.02105,42.8,42.8,0,148,14,False,-63,1800
238.09,HLD,144291,124,0,-12.02105,42.8,42.8,0,148,14,False,-60,1800
239.11,HLD,145316,124,0,-12.02105,42.8,42.8,0,148,14,False,-58,1800
240.14,HLD,146341,124,0,-12.02105,42.8,42.8,0,148,14,False,-68,1800
241.16,HLD,147366,124,0,-12.02105,42.8,42.8,0,148,14,False,-61,1800
242.18,HLD,148392,124,0,-12.02105,42.8,42.8,0,148,14,False,-61,1800
243.21,HLD,149414,124,0,-12.02105,42.8,42.8,0,148,14,False,-59,1800
244.23,HLD,150440,124,0,-12.02105,42.8,42.8,0,148,14,False,-59,1800
245.05,HLD,151257,124,0,-12.02105,42.8,42.8,0,148,14,False,-59,1800
246.07,HLD,152277,124,0,-12.02105,42.8,42.8,0,148,14,False,-60,1800
247.1,HLD,153308,124,0,-12.02105,42.8,42.8,0,148,14,False,-61,1800
248.12,HLD,154328,124,0,-12.02105,42.8,42.8,0,148,14,False,-61,1800
249.15,HLD,155353,124,0,-12.02105,42.8,42.8,0,148,14,False,-60,1800
250.17,HLD,156374,124,0,-12.02105,42.8,42.8,0,148,14,False,-60,1800
251.19,HLD,157399,124,0,-12.02105,42.8,42.8,0,148,14,False,-64,1800
252.23,HLD,158434,124,0,-12.02105,42.8,42.8,0,148,14,False,-61,1800
253.24,HLD,159445,124,0,-12.02105,42.8,42.8,0,148,14,False,-61,1800
254.06,HLD,160271,125,0,-12.02105,42.8,42.8,0,148,14,False,-61,1800
255.09,HLD,161291,125,0,-12.02105,42.8,42.8,0,148,14,False,-60,1800
256.11,HLD,162311,125,0,-12.02105,42.8,42.8,0,148,14,False,-64,1800
257.13,HLD,163337,125,0,-12.02105,42.8,42.8,0,148,14,False,-61,1800
258.06,HLD,164262,125,0,-12.02105,42.8,42.8,0,148,14,False,-67,1800
259.08,HLD,165288,125,0,-12.02105,42.8,42.8,0,148,14,False,-62,1800
260.11,HLD,166308,125,0,-12.02105,42.8,42.8,0,148,14,False,-63,1800
261.12,HLD,167333,125,0,-12.02105,42.8,42.8,0,148,14,False,-63,1800
262.16,HLD,168368,125,0,-12.02105,42.8,42.8,0,148,14,False,-64,1800
263.18,HLD,169388,125,0,-12.02105,42.8,42.8,0,148,14,False,-64,1800
264.21,HLD,170413,125,0,-12.02105,42.8,42.8,0,148,14,False,-65,1800
265.22,HLD,171428,125,0,-12.02105,42.8,42.8,0,148,14,False,-65,1800
266.04,HLD,172248,125,0,-12.02105,42.8,42.8,0,148,14,False,-65,1800
267.07,HLD,173273,125,0,-12.02105,42.8,42.8,0,148,14,False,-66,1800
268.1,HLD,174308,125,0,-12.02105,42.8,42.8,0,148,14,False,-67,1800
269.12,HLD,175323,125,0,-12.02105,42.8,42.8,0,148,14,False,-66,1800
270.14,HLD,176343,125,0,-12.02105,42.8,42.8,0,148,14,False,-67,1800
271.17,HLD,177369,125,0,-12.02105,42.8,42.8,0,148,14,False,-68,1800
272.2,HLD,178395,125,0,-12.02105,42.8,42.8,0,148,14,False,-69,1800
273.22,HLD,179416,125,0,-12.02105,42.8,42.8,0,148,14,False,-68,1800
274.24,HLD,180447,126,0,-12.02105,42.8,42.8,0,148,14,False,-66,1800
275.06,HLD,181263,126,0,-12.02105,42.8,42.8,0,148,14,False,-65,1800
276.18,HLD,182384,126,0,-12.02105,42.8,42.8,0,148,14,False,-66,1800
277.1,HLD,183310,126,0,-12.02105,42.8,42.8,0,148,14,False,-66,1800
278.13,HLD,184335,126,0,-12.02105,42.8,42.8,0,148,14,False,-65,1800
279.15,HLD,185356,126,0,-12.02105,42.8,42.8,0,148,14,False,-66,1800
280.18,HLD,186382,126,0,-12.02105,42.8,42.8,0,148,14,False,-66,1800
281.21,HLD,187414,126,0,-12.02105,42.8,42.8,0,148,14,False,-66,1800
282.23,HLD,188440,126,0,-12.02105,42.8,42.8,0,148,14,False,-66,1800
283.05,HLD,189255,126,0,-12.02105,42.8,42.8,0,148,14,False,-67,1800
284.06,HLD,190270,126,0,-12.02105,42.8,42.8,0,148,14,False,-67,1800
285.09,HLD,191297,126,0,-12.02105,42.8,42.8,0,148,14,False,-65,1800
286.12,HLD,192322,126,0,-12.02105,42.8,42.8,0,148,14,False,-65,1800
287.15,HLD,193342,126,0,-12.02105,42.8,42.8,0,148,14,False,-65,1800
288.17,HLD,194372,126,0,-12.02105,42.8,42.8,0,148,14,False,-65,1800
289.18,HLD,195388,126,0,-12.02105,42.8,42.8,0,148,14,False,-66,1800
290.21,HLD,196419,126,0,-12.02105,42.8,42.8,0,148,14,False,-66,1800
291.23,HLD,197439,126,0,-12.02105,42.8,42.8,0,148,14,False,-66,1800
292.06,HLD,198264,126,0,-12.02105,42.8,42.8,0,148,14,False,-67,1800
293.08,HLD,199284,126,0,-12.02105,42.8,42.8,0,148,14,False,-67,1800
294.1,HLD,200309,127,0,-12.02105,42.8,42.8,0,148,14,False,-66,1800
295.13,HLD,201334,127,0,-12.02105,42.8,42.8,0,148,14,False,-68,1800
296.15,HLD,202356,127,0,-12.02105,42.8,42.8,0,148,14,False,-60,1800
297.19,HLD,203391,127,0,-12.02105,42.8,42.8,0,148,14,False,-59,1800
298.2,HLD,204403,127,0,-12.02105,42.8,42.8,0,148,14,False,-57,1800
299.23,HLD,205433,127,0,-12.02105,42.8,42.8,0,148,14,False,-58,1800
300.04,HLD,206243,127,0,-12.02105,42.8,42.8,0,148,14,False,-58,1800
301.06,HLD,207269,127,0,-12.02105,42.8,42.8,0,148,14,False,-56,1800
302.09,HLD,208295,127,0,-12.02105,42.8,42.8,0,148,14,False,-58,1800
303.12,HLD,209320,127,0,-12.02105,42.8,42.8,0,148,14,False,-57,1800
304.14,HLD,210342,127,0,-12.02105,42.8,42.8,0,148,14,False,-57,1800
305.16,HLD,211367,127,0,-12.02105,42.8,42.8,0,148,14,False,-57,1800
306.19,HLD,212392,127,0,-12.02105,42.8,42.8,0,148,14,False,-58,1800
307.21,HLD,213418,127,0,-12.02105,42.8,42.8,0,148,14,False,-58,1800
308.23,HLD,214438,127,0,-12.02105,42.8,42.8,0,148,14,False,-58,1800
309.06,HLD,215270,127,0,-12.02105,42.8,42.8,0,148,14,False,-58,1800
310.08,HLD,216280,127,0,-12.02105,42.8,42.8,0,148,14,False,-57,1800
311.1,HLD,217311,127,0,-12.02105,42.8,42.8,0,148,14,False,-57,1800
312.13,HLD,218331,127,0,-12.02105,42.8,42.8,0,148,14,False,-58,1800
313.14,HLD,219351,127,0,-12.02105,42.8,42.8,0,148,14,False,-58,1800
314.17,HLD,220382,128,0,-12.02105,42.8,42.8,0,148,14,False,-58,1800
315.2,HLD,221407,128,0,-12.02105,42.8,42.8,0,148,14,False,-58,1800
316.22,HLD,222427,128,0,-12.02105,42.8,42.8,0,148,14,False,-58,1800
317.04,HLD,223243,128,0,-12.02105,42.8,42.8,0,148,14,False,-58,1800
318.06,HLD,224268,128,0,-12.02105,42.8,42.8,0,148,14,False,-58,1800
319.09,HLD,225293,128,0,-12.02105,42.8,42.8,0,148,14,False,-57,1800
320.11,HLD,226314,128,0,-12.02105,42.8,42.8,0,148,14,False,-58,1800
321.13,HLD,227339,128,0,-12.02105,42.8,42.8,0,148,14,False,-58,1800
322.15,HLD,228364,128,0,-12.02105,42.8,42.8,0,148,14,False,-58,1800
323.18,HLD,229385,128,0,-12.02105,42.8,42.8,0,148,14,False,-58,1800
324.2,HLD,230410,128,0,-12.02105,42.8,42.8,0,148,14,False,-58,1800
325.23,HLD,231435,128,0,-12.02105,42.8,42.8,0,148,14,False,-57,1800
326.05,HLD,232256,128,0,-12.02105,42.8,42.8,0,148,14,False,-58,1800
327.08,HLD,233281,128,0,-12.02105,42.8,42.8,0,148,14,False,-58,1800
328.1,HLD,234302,128,0,-12.02105,42.8,42.8,0,148,14,False,-58,1800
329.12,HLD,235327,128,0,-12.02105,42.8,42.8,0,148,14,False,-58,1800
330.15,HLD,236357,128,0,-12.02105,42.8,42.8,0,148,14,False,-58,1800
331.17,HLD,237372,128,0,-12.02105,42.8,42.8,0,148,14,False,-57,1800
332.19,HLD,238397,128,0,-12.02105,42.8,42.8,0,148,14,False,-58,1800
333.22,HLD,239422,128,0,-12.02105,42.8,42.8,0,148,14,False,-57,1800
334.24,HLD,240443,129,0,-12.02105,42.8,42.8,0,148,14,False,-58,1800
335.06,HLD,241267,129,0,-12.02105,42.8,42.8,0,148,14,False,-58,1800
336.08,HLD,242289,129,0,-12.02105,42.8,42.8,0,148,14,False,-58,1800
337.11,HLD,243314,129,0,-12.02105,42.8,42.8,0,148,14,False,-58,1800
338.13,HLD,244340,129,0,-12.02105,42.8,42.8,0,148,14,False,-58,1800
339.16,HLD,245364,129,0,-12.02105,42.8,42.8,0,148,14,False,-58,1800
340.3,HLD,246496,129,0,-12.02105,42.8,42.8,0,148,14,False,-58,1800
341.21,HLD,247407,129,0,-12.02105,42.8,42.8,0,148,14,False,-58,1800
342.23,HLD,248433,129,0,-12.02105,42.8,42.8,0,148,14,False,-58,1800
343.05,HLD,249253,129,0,-12.02105,42.8,42.8,0,148,14,False,-58,1800
344.07,HLD,250274,129,0,-12.02105,42.8,42.8,0,148,14,False,-58,1800
345.1,HLD,251305,129,0,-12.02105,42.8,42.8,0,148,14,False,-58,1800
346.12,HLD,252325,129,0,-12.02105,42.8,42.8,0,148,14,False,-58,1800
347.14,HLD,253351,129,0,-12.02105,42.8,42.8,0,148,14,False,-58,1800
348.17,HLD,254377,129,0,-12.02105,42.8,42.8,0,148,14,False,-60,1800
349.19,HLD,255397,129,0,-12.02105,42.8,42.8,0,148,14,False,-58,1800
350.21,HLD,256418,129,0,-12.02105,42.8,42.8,0,148,14,False,-58,1800
351.25,HLD,257448,129,0,-12.02105,42.8,42.8,0,148,14,False,-58,1800
352.06,HLD,258263,129,0,-12.02105,42.8,42.8,0,148,14,False,-58,1800
353.09,HLD,259288,129,0,-12.02105,42.8,42.8,0,148,14,False,-57,1800
354.11,HLD,260314,130,0,-12.02105,42.8,42.8,0,148,14,False,-58,1800
355.13,HLD,261339,130,0,-12.02105,42.8,42.8,0,148,14,False,-57,1800
356.15,HLD,262360,130,0,-12.02105,42.8,42.8,0,148,14,False,-58,1800
357.18,HLD,263386,130,0,-12.02105,42.8,42.8,0,148,14,False,-57,1800
358.2,HLD,264407,130,0,-12.02105,42.8,42.8,0,148,14,False,-58,1800
359.23,HLD,265437,130,0,-12.02105,42.8,42.8,0,148,14,False,-57,1800
360.04,HLD,266253,130,0,-12.02105,42.8,42.8,0,148,14,False,-58,1800
361.08,HLD,267279,130,0,-12.02105,42.8,42.8,0,148,14,False,-60,1800
362.1,HLD,268299,130,0,-12.02105,42.8,42.8,0,148,14,False,-58,1800
363.12,HLD,269320,130,0,-12.02105,42.8,42.8,0,148,14,False,-58,1800
364.15,HLD,270352,130,0,-12.02105,42.8,42.8,0,148,14,False,-59,1800
365.18,HLD,271378,130,0,-12.02105,42.8,42.8,0,148,14,False,-58,1800
366.19,HLD,272398,130,0,-12.02105,42.8,42.8,0,148,14,False,-58,1800
367.21,HLD,273419,130,0,-12.02105,42.8,42.8,0,148,14,False,-58,1800
368.25,HLD,274449,130,0,-12.02105,42.8,42.8,0,148,14,False,-58,1800
369.05,HLD,275260,130,0,-12.02105,42.8,42.8,0,148,14,False,-58,1800
370.08,HLD,276285,130,0,-12.02105,42.8,42.8,0,148,14,False,-57,1800
371.1,HLD,277310,130,0,-12.02105,42.8,42.8,0,148,14,False,-58,1800
372.13,HLD,278336,130,0,-12.02105,42.8,42.8,0,148,14,False,-58,1800
373.15,HLD,279356,130,0,-12.02105,42.8,42.8,0,148,14,False,-58,1800
374.17,HLD,280381,131,0,-12.02105,42.8,42.8,0,148,14,False,-58,1800
375.2,HLD,281406,131,0,-12.02105,42.8,42.8,0,148,14,False,-58,1800
376.22,HLD,282427,131,0,-12.02105,42.8,42.8,0,148,14,False,-58,1800
377.04,HLD,283247,131,0,-12.02105,42.8,42.8,0,148,14,False,-58,1800
378.07,HLD,284272,131,0,-12.02105,42.8,42.8,0,148,14,False,-58,1800
379.09,HLD,285302,131,0,-12.02105,42.8,42.8,0,148,14,False,-58,1800
380.11,HLD,286318,131,0,-12.02105,42.8,42.8,0,148,14,False,-58,1800
381.14,HLD,287344,131,0,-12.02105,42.8,42.8,0,148,14,False,-58,1800
382.16,HLD,288369,131,0,-12.02105,42.8,42.8,0,148,14,False,-59,1800
383.19,HLD,289395,131,0,-12.02105,42.8,42.8,0,148,14,False,-59,1800
384.21,HLD,290415,131,0,-12.02105,42.8,42.8,0,148,14,False,-60,1800
385.24,HLD,291445,131,0,-12.02105,42.8,42.8,0,148,14,False,-58,1800
386.06,HLD,292260,131,0,-12.02105,42.8,42.8,0,148,14,False,-58,1800
387.08,HLD,293285,131,0,-12.02105,42.8,42.8,0,148,14,False,-58,1800
388.1,HLD,294305,131,0,-12.02105,42.8,42.8,0,148,14,False,-58,1800
389.13,HLD,295331,131,0,-12.02105,42.8,42.8,0,148,14,False,-58,1800
390.15,HLD,296356,131,0,-12.02105,42.8,42.8,0,148,14,False,-58,1800
391.17,HLD,297382,131,0,-12.02105,42.8,42.8,0,148,14,False,-59,1800
392.2,HLD,298403,131,0,-12.02105,42.8,42.8,0,148,14,False,-58,1800
393.23,HLD,299433,131,0,-12.02105,42.8,42.8,0,148,14,False,-58,1800
394.04,HLD,300249,132,0,-12.02105,42.8,42.8,0,148,14,False,-59,1800
395.07,HLD,301274,132,0,-12.02105,42.8,42.8,0,148,14,False,-59,1800
400.19,HLD,306397,132,0,-12.02105,42.8,42.8,0,148,14,False,-59,1800
404.29,HLD,310493,132,0,-12.02105,42.8,42.8,0,148,14,False,-58,1800
404.31,HLD,310518,132,0,-12.02105,42.8,42.8,0,148,14,False,-58,1800
404.34,HLD,310548,132,0,-12.02105,42.8,42.8,0,148,14,False,-58,1800
404.37,HLD,310573,132,0,-12.02105,42.8,42.8,0,148,14,False,-58,1800
404.39,HLD,310599,132,0,-12.02105,42.8,42.8,0,148,14,False,-58,1800
404.42,HLD,310624,132,0,-12.02105,42.8,42.8,0,148,14,False,-58,1800
405.11,HLD,311314,132,0,-12.02105,43.8,42.8,-0.14,148,14,False,-58,1800
406.12,HLD,312330,132,0,-12.02105,42.8,42.8,0,148,14,False,-58,1800
407.15,HLD,313360,132,0,-12.02105,42.8,42.8,0,148,14,False,-58,1800
408.18,HLD,314380,132,0,-12.02105,42.8,42.8,0,148,14,False,-58,1800
409.21,HLD,315410,132,0,-12.02105,42.8,42.8,0,148,14,False,-59,1800
410.23,HLD,316435,132,0,-12.02105,42.8,42.8,0,148,14,False,-58,1800
411.04,HLD,317245,132,0,-12.02105,42.8,42.8,0,148,14,False,-58,1800
412.07,HLD,318270,132,0,-12.02105,42.8,42.8,0,148,14,False,-58,1800
413.09,HLD,319295,132,0,-12.02105,42.8,42.8,0,148,14,False,-58,1800
414.11,HLD,320317,133,0,-12.02105,42.8,42.8,0,148,14,False,-58,1800
415.14,HLD,321347,133,0,-12.02105,42.8,42.8,0,148,14,False,-59,1800
416.18,HLD,322368,133,0,-12.02105,42.8,42.8,0,148,14,False,-58,1800
417.19,HLD,323393,133,0,-12.02105,42.8,42.8,0,148,14,False,-58,1800
418.21,HLD,324419,133,0,-12.02105,42.8,42.8,0,148,14,False,-58,1800
419.23,HLD,325440,133,0,-12.02105,42.8,42.8,0,148,14,False,-58,1800
420.05,HLD,326261,133,0,-12.02105,42.8,42.8,0,148,14,False,-59,1800
421.08,HLD,327287,133,0,-12.02105,42.8,42.8,0,148,14,False,-58,1800
422.1,HLD,328307,133,0,-12.02105,42.8,42.8,0,148,14,False,-58,1800
423.14,HLD,329338,133,0,-12.02105,42.8,42.8,0,148,14,False,-58,1800
424.16,HLD,330359,133,0,-12.02105,42.8,42.8,0,148,14,False,-59,1800
425.18,HLD,331381,133,0,-12.02105,42.8,42.8,0,148,14,False,-58,1800
426.2,HLD,332402,133,0,-12.02105,42.8,42.8,0,148,14,False,-58,1800
427.22,HLD,333424,133,0,-12.02105,42.8,42.8,0,148,14,False,-58,1800
428.04,HLD,334245,133,0,-12.02105,42.8,42.8,0,148,14,False,-59,1800
429.07,HLD,335270,133,0,-12.02105,42.8,42.8,0,148,14,False,-58,1800
430.09,HLD,336295,133,0,-12.02105,42.8,42.8,0,148,14,False,-59,1800
431.11,HLD,337315,133,0,-12.02105,42.8,42.8,0,148,14,False,-58,1800
432.14,HLD,338346,133,0,-12.02105,42.8,42.8,0,148,14,False,-58,1800
433.16,HLD,339366,133,0,-12.02105,42.8,42.8,0,148,14,False,-59,1800
434.19,HLD,340392,134,0,-12.02105,42.8,42.8,0,148,14,False,-58,1800
435.21,HLD,341413,134,0,-12.02105,42.8,42.8,0,148,14,False,-58,1800
436.23,HLD,342438,134,0,-12.02105,42.8,42.8,0,148,14,False,-57,1800
437.06,HLD,343259,134,0,-12.02105,42.8,42.8,0,148,14,False,-54,1800
438.07,HLD,344279,134,0,-12.02105,42.8,42.8,0,148,14,False,-57,1800
439.1,HLD,345304,134,0,-12.02105,42.8,42.8,0,148,14,False,-59,1800
440.13,HLD,346329,134,0,-12.02105,42.8,42.8,0,148,14,False,-58,1800
441.15,HLD,347355,134,0,-12.02105,42.8,42.8,0,148,14,False,-58,1800
442.17,HLD,348375,134,0,-12.02105,42.8,42.8,0,148,14,False,-60,1800
443.2,HLD,349405,134,0,-12.02105,42.8,42.8,0,148,14,False,-58,1800
444.22,HLD,350425,134,0,-12.02105,42.8,42.8,0,148,14,False,-59,1800
445.04,HLD,351251,134,0,-12.02105,42.8,42.8,0,148,14,False,-59,1800
446.06,HLD,352272,134,0,-12.02105,42.8,42.8,0,148,14,False,-58,1800
447.1,HLD,353300,134,0,-12.02105,42.8,42.8,0,148,14,False,-59,1800
448.11,HLD,354316,134,0,-12.02105,42.8,42.8,0,148,14,False,-58,1800
449.14,HLD,355347,134,0,-12.02105,42.8,42.8,0,148,14,False,-58,1800
450.16,HLD,356362,134,0,-12.02105,42.8,42.8,0,148,14,False,-58,1800
451.18,HLD,357387,134,0,-12.02105,42.8,42.8,0,148,14,False,-58,1800
452.21,HLD,358414,134,0,-12.02105,42.8,42.8,0,148,14,False,-58,1800
453.23,HLD,359434,134,0,-12.02105,42.8,42.8,0,148,14,False,-58,1800
454.07,HLD,360255,135,0,-12.02105,42.8,42.8,0,148,14,False,-58,1800
455.08,HLD,361281,135,0,-12.02105,42.8,42.8,0,148,14,False,-58,1800
456.11,HLD,362307,135,0,-12.02105,42.8,42.8,0,148,14,False,-58,1800
457.12,HLD,363327,135,0,-12.02105,42.8,42.8,0,148,14,False,-58,1800
458.15,HLD,364354,135,0,-12.02105,42.8,42.8,0,148,14,False,-57,1800
459.17,HLD,365374,135,0,-12.02105,42.8,42.8,0,148,14,False,-58,1800
460.2,HLD,366399,135,0,-12.02105,42.8,42.8,0,148,14,False,-60,1800
461.22,HLD,367425,135,0,-12.02105,42.8,42.8,0,148,14,False,-58,1800
462.25,HLD,368450,135,0,-12.02105,42.8,42.8,0,148,14,False,-58,1800
463.07,HLD,369271,135,0,-12.02105,42.8,42.8,0,148,14,False,-58,1800
464.09,HLD,370291,135,0,-12.02105,42.8,42.8,0,148,14,False,-58,1800
465.11,HLD,371321,135,0,-12.02105,42.8,42.8,0,148,14,False,-58,1800
466.13,HLD,372342,135,0,-12.02105,42.8,42.8,0,148,14,False,-58,1800
467.16,HLD,373362,135,0,-12.02105,42.8,42.8,0,148,14,False,-58,1800
468.18,HLD,374388,135,0,-12.02105,42.8,42.8,0,148,14,False,-58,1800
469.2,HLD,375408,135,0,-12.02105,42.8,42.8,0,148,14,False,-58,1800
470.23,HLD,376433,135,0,-12.02105,42.8,42.8,0,148,14,False,-58,1800
471.05,HLD,377253,135,0,-12.02105,42.8,42.8,0,148,14,False,-59,1800
472.08,HLD,378278,135,0,-12.02105,42.8,42.8,0,148,14,False,-58,1800
473.1,HLD,379298,135,0,-12.02105,42.8,42.8,0,148,14,False,-58,1800
474.12,HLD,380324,136,0,-12.02105,42.8,42.8,0,148,14,False,-59,1800
475.15,HLD,381354,136,0,-12.02105,42.8,42.8,0,148,14,False,-58,1800
476.17,HLD,382374,136,0,-12.02105,42.8,42.8,0,148,14,False,-60,1800
477.19,HLD,383394,136,0,-12.02105,42.8,42.8,0,148,14,False,-58,1800
478.22,HLD,384425,136,0,-12.02105,42.8,42.8,0,148,14,False,-58,1800
479.25,HLD,385456,136,0,-12.02105,42.8,42.8,0,148,14,False,-58,1800
480.06,HLD,386262,136,0,-12.02105,42.8,42.8,0,148,14,False,-59,1800
481.09,HLD,387293,136,0,-12.02105,42.8,42.8,0,148,14,False,-58,1800
482.11,HLD,388313,136,0,-12.02105,42.8,42.8,0,148,14,False,-58,1800
483.14,HLD,389339,136,0,-12.02105,42.8,42.8,0,148,14,False,-58,1800
484.16,HLD,390370,136,0,-12.02105,42.8,42.8,0,148,14,False,-58,1800
485.18,HLD,391385,136,0,-12.02105,42.8,42.8,0,148,14,False,-58,1800
486.21,HLD,392406,136,0,-12.02105,42.8,42.8,0,148,14,False,-58,1800
487.23,HLD,393437,136,0,-12.02105,42.8,42.8,0,148,14,False,-58,1800
488.05,HLD,394252,136,0,-12.02105,42.8,42.8,0,148,14,False,-58,1800
489.08,HLD,395277,136,0,-12.02105,42.8,42.8,0,148,14,False,-58,1800
490.09,HLD,396299,136,0,-12.02105,42.8,42.8,0,148,14,False,-58,1800
491.13,HLD,397330,136,0,-12.02105,42.8,42.8,0,148,14,False,-58,1800
492.14,HLD,398350,136,0,-12.02105,42.8,42.8,0,148,14,False,-58,1800
493.17,HLD,399375,136,0,-12.02105,42.8,42.8,0,148,14,False,-59,1800
494.2,HLD,400401,137,0,-12.02105,42.8,42.8,0,148,14,False,-58,1800
495.22,HLD,401422,137,0,-12.02105,42.8,42.8,0,148,14,False,-59,1800
496.25,HLD,402452,137,0,-12.02105,42.8,42.8,0,148,14,False,-59,1800
497.06,HLD,403263,137,0,-12.02105,42.8,42.8,0,148,14,False,-59,1800
498.08,HLD,404284,137,0,-12.02105,42.8,42.8,0,148,14,False,-58,1800
499.1,HLD,405310,137,0,-12.02105,42.8,42.8,0,148,14,False,-58,1800
500.13,HLD,406337,137,0,-12.02105,42.8,42.8,0,148,14,False,-59,1800
501.16,HLD,407361,137,0,-12.02105,42.8,42.8,0,148,14,False,-59,1800
502.18,HLD,408382,137,0,-12.02105,42.8,42.8,0,148,14,False,-58,1800
503.2,HLD,409407,137,0,-12.02105,42.8,42.8,0,148,14,False,-58,1800
504.23,HLD,410428,137,0,-12.02105,42.8,42.8,0,148,14,False,-58,1800
505.05,HLD,411249,137,0,-12.02105,42.8,42.8,0,148,14,False,-58,1800
506.07,HLD,412271,137,0,-12.02105,42.8,42.8,0,148,14,False,-60,1800
507.09,HLD,413296,137,0,-12.02105,42.8,42.8,0,148,14,False,-59,1800
508.11,HLD,414321,137,0,-12.02105,42.8,42.8,0,148,14,False,-58,1800
509.14,HLD,415346,137,0,-12.02105,42.8,42.8,0,148,14,False,-59,1800
510.17,HLD,416377,137,0,-12.02105,42.8,42.8,0,148,14,False,-58,1800
511.19,HLD,417393,137,0,-12.02105,42.8,42.8,0,148,14,False,-60,1800
512.22,HLD,418418,137,0,-12.02105,42.8,42.8,0,148,14,False,-58,1800
513.24,HLD,419449,137,0,-12.02105,42.8,42.8,0,148,14,False,-58,1800
514.07,HLD,420275,138,0,-12.02105,42.8,42.8,0,148,14,False,-58,1800
515.08,HLD,421287,138,0,-12.02105,42.8,42.8,0,148,14,False,-59,1800
516.16,HLD,422308,138,0,-12.02105,42.8,42.8,0,148,14,False,-60,1800
517.14,HLD,423338,138,0,-12.02105,42.8,42.8,0,148,14,False,-58,1800
518.05,HLD,424254,138,0,-12.02105,42.8,42.8,0,148,14,False,-59,1800
519.18,HLD,425384,138,0,-12.02105,42.8,42.8,0,148,14,False,-58,1800
520.2,HLD,426409,138,0,-12.02105,42.8,42.8,0,148,14,False,-59,1800
521.23,HLD,427431,138,0,-12.02105,42.8,42.8,0,148,14,False,-59,1800
522.04,HLD,428247,138,0,-12.02105,42.8,42.8,0,148,14,False,-58,1800
523.08,HLD,429281,138,0,-12.02105,42.8,42.8,0,148,14,False,-58,1800
524.1,HLD,430302,138,0,-12.02105,42.8,42.8,0,148,14,False,-59,1800
525.13,HLD,431328,138,0,-12.02105,42.8,42.8,0,148,14,False,-58,1800
526.14,HLD,432343,138,0,-12.02105,42.8,42.8,0,148,14,False,-58,1800
527.17,HLD,433368,138,0,-12.02105,42.8,42.8,0,148,14,False,-58,1800
528.19,HLD,434393,138,0,-12.02105,42.8,42.8,0,148,14,False,-58,1800
529.21,HLD,435418,138,0,-12.02105,42.8,42.8,0,148,14,False,-59,1800
530.24,HLD,436444,138,0,-12.02105,42.8,42.8,0,148,14,False,-58,1800
531.06,HLD,437259,138,0,-12.02105,42.8,42.8,0,148,14,False,-58,1800
532.08,HLD,438284,138,0,-12.02105,42.8,42.8,0,148,14,False,-58,1800
533.11,HLD,439309,138,0,-12.02105,42.8,42.8,0,148,14,False,-58,1800
534.13,HLD,440335,139,0,-12.02105,42.8,42.8,0,148,14,False,-58,1800
535.15,HLD,441356,139,0,-12.02105,42.8,42.8,0,148,14,False,-58,1800
536.18,HLD,442381,139,0,-12.02105,42.8,42.8,0,148,14,False,-58,1800
537.21,HLD,443412,139,0,-12.02105,42.8,42.8,0,148,14,False,-58,1800
538.23,HLD,444428,139,0,-12.02105,42.8,42.8,0,148,14,False,-58,1800
539.04,HLD,445248,139,0,-12.02105,42.8,42.8,0,148,14,False,-58,1800
540.07,HLD,446273,139,0,-12.02105,42.8,42.8,0,148,14,False,-58,1800
541.09,HLD,447299,139,0,-12.02105,42.8,42.8,0,148,14,False,-58,1800
542.11,HLD,448319,139,0,-12.02105,42.8,42.8,0,148,14,False,-58,1800
543.14,HLD,449344,139,0,-12.02105,42.8,42.8,0,148,14,False,-58,1800
544.16,HLD,450370,139,0,-12.02105,42.8,42.8,0,148,14,False,-58,1800
545.19,HLD,451391,139,0,-12.02105,42.8,42.8,0,148,14,False,-58,1800
546.22,HLD,452416,139,0,-12.02105,42.8,42.8,0,148,14,False,-58,1800
547.25,HLD,453438,139,0,-12.02105,42.8,42.8,0,148,14,False,-58,1800
548.06,HLD,454263,139,0,-12.02105,42.8,42.8,0,148,14,False,-61,1800
549.08,HLD,455284,139,0,-12.02105,42.8,42.8,0,148,14,False,-58,1800
550.1,HLD,456304,139,0,-12.02105,42.8,42.8,0,148,14,False,-61,1800
551.13,HLD,457330,139,0,-12.02105,42.8,42.8,0,148,14,False,-61,1800
552.15,HLD,458355,139,0,-12.02105,42.8,42.8,0,148,14,False,-59,1800
553.18,HLD,459379,139,0,-12.02105,42.8,42.8,0,148,14,False,-58,1800
554.21,HLD,460411,140,0,-12.02105,42.8,42.8,0,148,14,False,-58,1800
555.23,HLD,461427,140,0,-12.02105,42.8,42.8,0,148,14,False,-58,1800
556.05,HLD,462244,140,0,-12.02105,42.8,42.8,0,148,14,False,-58,1800
557.07,HLD,463270,140,0,-12.02105,42.8,42.8,0,148,14,False,-59,1800
558.09,HLD,464295,140,0,-12.02105,42.8,42.8,0,148,14,False,-58,1800
559.12,HLD,465315,140,0,-12.02105,42.8,42.8,0,148,14,False,-59,1800
560.15,HLD,466345,140,0,-12.02105,42.8,42.8,0,148,14,False,-59,1800
561.16,HLD,467365,140,0,-12.02105,42.8,42.8,0,148,14,False,-58,1800
562.2,HLD,468395,140,0,-12.02105,42.8,42.8,0,148,14,False,-59,1800
563.22,HLD,469415,140,0,-12.02105,42.8,42.8,0,148,14,False,-59,1800
564.24,HLD,470436,140,0,-12.02105,42.8,42.8,0,148,14,False,-59,1800
565.06,HLD,471257,140,0,-12.02105,42.8,42.8,0,148,14,False,-58,1800
566.08,HLD,472282,140,0,-12.02105,41.8,42.8,0.14,148,14,False,-59,1800
567.11,HLD,473303,140,0,-12.02105,42.8,42.8,0,148,14,False,-59,1800
568.13,HLD,474333,140,0,-12.02105,42.8,42.8,0,148,14,False,-59,1800
569.15,HLD,475351,140,0,-12.02105,42.8,42.8,0,148,14,False,-59,1800
570.18,HLD,476375,140,0,-12.02105,42.8,42.8,0,148,14,False,-58,1800
571.19,HLD,477402,140,0,-12.02105,41.8,42.8,0.14,148,14,False,-58,1800
572.22,HLD,478428,140,0,-12.02105,42.8,42.8,0,148,14,False,-59,1800
573.04,HLD,479244,140,0,-12.02105,42.8,42.8,0,148,14,False,-58,1800
574.07,HLD,480276,141,0,-12.02105,41.8,42.8,0.14,148,14,False,-58,1800
575.09,HLD,481292,141,0,-12.02105,42.8,42.8,0,148,14,False,-58,1800
576.11,HLD,482317,141,0,-12.02105,41.8,42.8,0.14,148,14,False,-58,1800
577.14,HLD,483343,141,0,-12.02105,42.8,42.8,0,148,14,False,-60,1800
578.16,HLD,484364,141,0,-12.02105,42.8,42.8,0,148,14,False,-57,1800
579.19,HLD,485390,141,0,-12.02105,41.8,42.8,0.14,148,14,False,-60,1800
580.21,HLD,486415,141,0,-12.02105,41.8,42.8,0.14,148,14,False,-59,1800
581.24,HLD,487441,141,0,-12.02105,42.8,42.8,0,148,14,False,-59,1800
582.06,HLD,488268,141,0,-12.02105,42.8,42.8,0,148,14,False,-59,1800
583.08,HLD,489278,141,0,-12.02105,42.8,42.8,0,148,14,False,-58,1800
584.11,HLD,490309,141,0,-12.02105,41.8,42.8,0.14,148,14,False,-58,1800
585.13,HLD,491330,141,0,-12.02105,41.8,42.8,0.14,148,14,False,-58,1800
586.15,HLD,492355,141,0,-12.02105,41.8,42.8,0.14,148,14,False,-58,1800
587.17,HLD,493375,141,0,-12.02105,41.8,42.8,0.14,148,14,False,-58,1800
588.2,HLD,494400,141,0,-12.02105,41.8,42.8,0.14,148,14,False,-59,1800
589.22,HLD,495421,141,0,-12.02105,41.8,42.8,0.14,148,14,False,-58,1800
590.04,HLD,496242,141,0,-12.02105,42.8,42.8,0,148,14,False,-58,1800
591.07,HLD,497267,141,0,-12.02105,42.8,42.8,0,148,14,False,-58,1800
592.09,HLD,498293,141,0,-12.02105,41.8,42.8,0.14,148,14,False,-59,1800
593.11,HLD,499314,141,0,-12.02105,41.8,42.8,0.14,148,14,False,-59,1800
594.14,HLD,500339,142,0,-12.02105,41.8,42.8,0.14,148,14,False,-60,1800
595.16,HLD,501365,142,0,-12.02105,41.8,42.8,0.14,148,14,False,-60,1800
596.18,HLD,502391,142,0,-12.02105,42.8,42.8,0,148,14,False,-59,1800
597.2,HLD,503411,142,0,-12.02105,42.8,42.8,0,148,14,False,-59,1800
598.23,HLD,504436,142,0,-12.02105,41.8,42.8,0.14,148,14,False,-58,1800
599.05,HLD,505251,142,0,-12.02105,42.8,42.8,0,148,14,False,-58,1800
600.08,HLD,506276,142,0,-12.02105,42.8,42.8,0,148,14,False,-59,1800
601.1,HLD,507301,142,0,-12.02105,41.8,42.8,0.14,148,14,False,-57,1800
602.12,HLD,508326,142,0,-12.02105,41.8,42.8,0.14,148,14,False,-58,1800
603.16,HLD,509358,142,0,-12.02105,41.8,42.8,0.14,148,14,False,-58,1800
604.17,HLD,510374,142,0,-12.02105,42.8,42.8,0,148,14,False,-58,1800
605.2,HLD,511405,142,0,-12.02105,41.8,42.8,0.14,148,14,False,-57,1800
606.22,HLD,512425,142,0,-12.02105,41.8,42.8,0.14,148,14,False,-58,1800
607.24,HLD,513447,142,0,-12.02105,41.8,42.8,0.14,148,14,False,-59,1800
608.07,HLD,514272,142,0,-12.02105,42.8,42.8,0,148,14,False,-58,1800
609.09,HLD,515293,142,0,-12.02105,42.8,42.8,0,148,14,False,-58,1800
610.11,HLD,516313,142,0,-12.02105,41.8,42.8,0.14,148,14,False,-58,1800
611.13,HLD,517334,142,0,-12.02105,42.8,42.8,0,148,14,False,-58,1800
612.17,HLD,518369,142,0,-12.02105,41.8,42.8,0.14,148,14,False,-58,1800
613.18,HLD,519384,142,0,-12.02105,41.8,42.8,0.14,148,14,False,-58,1800
614.21,HLD,520409,143,0,-12.02105,41.8,42.8,0.14,148,14,False,-58,1800
615.23,HLD,521430,143,0,-12.02105,41.8,42.8,0.14,148,14,False,-59,1800
616.05,HLD,522250,143,0,-12.02105,42.8,42.8,0,148,14,False,-61,1800
617.07,HLD,523275,143,0,-12.02105,41.8,42.8,0.14,148,14,False,-65,1800
618.1,HLD,524307,143,0,-12.02105,41.8,42.8,0.14,148,14,False,-62,1800
619.13,HLD,525332,143,0,-12.02105,41.8,42.8,0.14,148,14,False,-61,1800
620.15,HLD,526347,143,0,-12.02105,42.8,42.8,0,148,14,False,-60,1800
621.17,HLD,527372,143,0,-12.02105,41.8,42.8,0.14,148,14,False,-61,1800
622.19,HLD,528398,143,0,-12.02105,41.8,42.8,0.14,148,14,False,-60,1800
623.22,HLD,529423,143,0,-12.02105,41.8,42.8,0.14,148,14,False,-60,1800
624.24,HLD,530443,143,0,-12.02105,41.8,42.8,0.14,148,14,False,-60,1800
625.06,HLD,531263,143,0,-12.02105,41.8,42.8,0.14,148,14,False,-60,1800
626.09,HLD,532288,143,0,-12.02105,42.8,42.8,0,148,14,False,-60,1800
627.11,HLD,533308,143,0,-12.02105,41.8,42.8,0.14,148,14,False,-60,1800
628.13,HLD,534334,143,0,-12.02105,41.8,42.8,0.14,148,14,False,-61,1800
629.15,HLD,535359,143,0,-12.02105,41.8,42.8,0.14,148,14,False,-61,1800
630.18,HLD,536384,143,0,-12.02105,41.8,42.8,0.14,148,14,False,-62,1800
631.2,HLD,537409,143,0,-12.02105,41.8,42.8,0.14,148,14,False,-62,1800
632.24,HLD,538429,143,0,-12.02105,41.8,42.8,0.14,148,14,False,-61,1800
633.05,HLD,539249,143,0,-12.02105,41.8,42.8,0.14,148,14,False,-61,1800
634.08,HLD,540281,144,0,-12.02105,41.8,42.8,0.14,148,14,False,-64,1800
635.09,HLD,541295,144,0,-12.02105,42.8,42.8,0,148,14,False,-67,1800
636.17,HLD,542322,144,0,-12.02105,41.8,42.8,0.14,148,14,False,-60,1800
637.08,HLD,543248,144,0,-12.02105,43.8,42.8,-0.14,148,14,False,-59,1800
638.17,HLD,544378,144,0,-12.02105,41.8,42.8,0.14,148,14,False,-64,1800
639.19,HLD,545394,144,0,-12.02105,42.8,42.8,0,148,14,False,-64,1800
640.22,HLD,546423,144,0,-12.02105,41.8,42.8,0.14,148,14,False,-64,1800
641.04,HLD,547239,144,0,-12.02105,41.8,42.8,0.14,148,14,False,-64,1800
642.06,HLD,548264,144,0,-12.02105,41.8,42.8,0.14,148,14,False,-64,1800
643.09,HLD,549285,144,0,-12.02105,41.8,42.8,0.14,148,14,False,-64,1800
644.11,HLD,550320,144,0,-12.02105,42.8,42.8,0,148,14,False,-60,1800
645.13,HLD,551334,144,0,-12.02105,41.8,42.8,0.14,148,14,False,-64,1800
646.16,HLD,552361,144,0,-12.02105,41.8,42.8,0.14,148,14,False,-63,1800
647.18,HLD,553381,144,0,-12.02105,41.8,42.8,0.14,148,14,False,-63,1800
648.2,HLD,554407,144,0,-12.02105,41.8,42.8,0.14,148,14,False,-62,1800
649.25,HLD,555454,144,0,-12.02105,41.8,42.8,0.14,148,14,False,-62,1800
650.05,HLD,556255,144,0,-12.02105,41.8,42.8,0.14,148,14,False,-63,1800
651.07,HLD,557275,144,0,-12.02105,41.8,42.8,0.14,148,14,False,-63,1800
652.09,HLD,558296,144,0,-12.02105,41.8,42.8,0.14,148,14,False,-62,1800
653.12,HLD,559327,144,0,-12.02105,41.8,42.8,0.14,148,14,False,-64,1800
654.15,HLD,560352,145,0,-12.02105,41.8,42.8,0.14,148,14,False,-63,1800
655.17,HLD,561373,145,0,-12.02105,41.8,42.8,0.14,148,14,False,-62,1800
656.33,HLD,562503,145,0,-12.02105,42.8,42.8,0,148,14,False,-61,1800
657.22,HLD,563418,145,0,-12.02105,42.8,42.8,0,148,14,False,-59,1800
658.14,HLD,564338,145,0,-12.02105,41.8,42.8,0.14,148,14,False,-59,1800
659.16,HLD,565363,145,0,-12.02105,42.8,42.8,0,148,14,False,-59,1800
660.18,HLD,566389,145,0,-12.02105,41.8,42.8,0.14,148,14,False,-59,1800
661.21,HLD,567414,145,0,-12.02105,41.8,42.8,0.14,148,14,False,-59,1800
662.24,HLD,568444,145,0,-12.02105,41.8,42.8,0.14,148,14,False,-59,1800
663.05,HLD,569255,145,0,-12.02105,41.8,42.8,0.14,148,14,False,-60,1800
664.08,HLD,570282,145,0,-12.02105,41.8,42.8,0.14,148,14,False,-60,1800
665.1,HLD,571302,145,0,-12.02105,42.8,42.8,0,148,14,False,-60,1800
666.13,HLD,572332,145,0,-12.02105,42.8,42.8,0,148,14,False,-59,1800
667.16,HLD,573354,145,0,-12.02105,41.8,42.8,0.14,148,14,False,-60,1800
672.07,HLD,578271,145,0,-12.02105,41.8,42.8,0.14,148,14,False,-60,1800
672.09,HLD,578296,145,0,-12.02105,41.8,42.8,0.14,148,14,False,-60,1800
672.12,HLD,578321,145,0,-12.02105,41.8,42.8,0.14,148,14,False,-60,1800
672.15,HLD,578347,145,0,-12.02105,41.8,42.8,0.14,148,14,False,-60,1800
673.09,HLD,579293,145,0,-12.02105,42.8,42.8,0,148,14,False,-60,1800
674.11,HLD,580313,146,0,-12.02105,42.8,42.8,0,148,14,False,-60,1800
675.13,HLD,581333,146,0,-12.02105,41.8,42.8,0.14,148,14,False,-60,1800
676.21,HLD,582358,146,0,-12.02105,41.8,42.8,0.14,148,14,False,-60,1800
677.12,HLD,583283,146,0,-12.02105,41.8,42.8,0.14,148,14,False,-59,1800
678.21,HLD,584409,146,0,-12.02105,41.8,42.8,0.14,148,14,False,-60,1800
679.23,HLD,585434,146,0,-12.02105,41.8,42.8,0.14,148,14,False,-60,1800
680.05,HLD,586254,146,0,-12.02105,41.8,42.8,0.14,148,14,False,-60,1800
681.07,HLD,587279,146,0,-12.02105,41.8,42.8,0.14,148,14,False,-60,1800
682.1,HLD,588304,146,0,-12.02105,42.8,42.8,0,148,14,False,-59,1800
683.12,HLD,589329,146,0,-12.02105,41.8,42.8,0.14,148,14,False,-59,1800
684.15,HLD,590350,146,0,-12.02105,41.8,42.8,0.14,148,14,False,-60,1800
685.17,HLD,591375,146,0,-12.02105,41.8,42.8,0.14,148,14,False,-60,1800
686.2,HLD,592400,146,0,-12.02105,41.8,42.8,0.14,148,14,False,-61,1800
687.22,HLD,593421,146,0,-12.02105,41.8,42.8,0.14,148,14,False,-60,1800
688.04,HLD,594241,146,0,-12.02105,41.8,42.8,0.14,148,14,False,-59,1800
689.07,HLD,595272,146,0,-12.02105,41.8,42.8,0.14,148,14,False,-60,1800
690.09,HLD,596287,146,0,-12.02105,41.8,42.8,0.14,148,14,False,-60,1800
691.12,HLD,597322,146,0,-12.02105,41.8,42.8,0.14,148,14,False,-60,1800
692.14,HLD,598342,146,0,-12.02105,41.8,42.8,0.14,148,14,False,-60,1800
693.16,HLD,599362,146,0,-12.02105,41.8,42.8,0.14,148,14,False,-59,1800
694.19,HLD,600384,147,0,-12.02105,41.8,42.8,0.14,148,14,False,-60,1800
695.22,HLD,601419,147,0,-12.02105,41.8,42.8,0.14,148,14,False,-59,1800
696.16,HLD,602330,147,0,-12.02105,41.8,42.8,0.14,148,14,False,-60,1800
697.1,HLD,603300,147,0,-12.02105,43.8,42.8,-0.14,148,14,False,-59,1800
698.18,HLD,604385,147,0,-12.02105,41.8,42.8,0.14,148,14,False,-59,1800
699.2,HLD,605401,147,0,-12.02105,41.8,42.8,0.14,148,14,False,-60,1800
700.22,HLD,606426,147,0,-12.02105,41.8,42.8,0.14,148,14,False,-59,1800
701.04,HLD,607246,147,0,-12.02105,41.8,42.8,0.14,148,14,False,-60,1800
702.07,HLD,608271,147,0,-12.02105,41.8,42.8,0.14,148,14,False,-59,1800
703.09,HLD,609292,147,0,-12.02105,41.8,42.8,0.14,148,14,False,-59,1800
704.12,HLD,610322,147,0,-12.02105,41.8,42.8,0.14,148,14,False,-61,1800
705.15,HLD,611342,147,0,-12.02105,41.8,42.8,0.14,148,14,False,-59,1800
706.17,HLD,612368,147,0,-12.02105,41.8,42.8,0.14,148,14,False,-60,1800
707.19,HLD,613388,147,0,-12.02105,41.8,42.8,0.14,148,14,False,-59,1800
708.21,HLD,614418,147,0,-12.02105,41.8,42.8,0.14,148,14,False,-59,1800
709.24,HLD,615443,147,0,-12.02105,41.8,42.8,0.14,148,14,False,-59,1800
710.05,HLD,616255,147,0,-12.02105,41.8,42.8,0.14,148,14,False,-59,1800
711.08,HLD,617286,147,0,-12.02105,41.8,42.8,0.14,148,14,False,-60,1800
712.11,HLD,618306,147,0,-12.02105,41.8,42.8,0.14,148,14,False,-61,1800
713.14,HLD,619342,147,0,-12.02105,42.8,42.8,0,148,14,False,-59,1800
714.15,HLD,620352,148,0,-12.02105,41.8,42.8,0.14,148,14,False,-59,1800
715.18,HLD,621387,148,0,-12.02105,41.8,42.8,0.14,148,14,False,-60,1800
716.35,HLD,622502,148,0,-12.02105,41.8,42.8,0.14,148,14,False,-60,1800
717.22,HLD,623423,148,0,-12.02105,42.8,42.8,0,148,14,False,-60,1800
718.04,HLD,624243,148,0,-12.02105,41.8,42.8,0.14,148,14,False,-60,1800
719.07,HLD,625273,148,0,-12.02105,41.8,42.8,0.14,148,14,False,-60,1800
720.11,HLD,626303,148,0,-12.02105,42.8,42.8,0,148,14,False,-59,1800
721.12,HLD,627319,148,0,-12.02105,41.8,42.8,0.14,148,14,False,-60,1800
722.14,HLD,628344,148,0,-12.02105,41.8,42.8,0.14,148,14,False,-60,1800
723.16,HLD,629365,148,0,-12.02105,42.8,42.8,0,148,14,False,-59,1800
724.18,HLD,630386,148,0,-12.02105,41.8,42.8,0.14,148,14,False,-60,1800
725.22,HLD,631421,148,0,-12.02105,41.8,42.8,0.14,148,14,False,-61,1800
726.23,HLD,632436,148,0,-12.02105,41.8,42.8,0.14,148,14,False,-61,1800
727.05,HLD,633258,148,0,-12.02105,41.8,42.8,0.14,148,14,False,-60,1800
728.08,HLD,634279,148,0,-12.02105,41.8,42.8,0.14,148,14,False,-59,1800
729.1,HLD,635304,148,0,-12.02105,41.8,42.8,0.14,148,14,False,-60,1800
730.13,HLD,636335,148,0,-12.02105,41.8,42.8,0.14,148,14,False,-59,1800
731.15,HLD,637355,148,0,-12.02105,41.8,42.8,0.14,148,14,False,-59,1800
732.18,HLD,638380,148,0,-12.02105,41.8,42.8,0.14,148,14,False,-60,1800
733.2,HLD,639400,148,0,-12.02105,41.8,42.8,0.14,148,14,False,-60,1800
734.23,HLD,640436,149,0,-12.02105,42.8,42.8,0,148,14,False,-59,1800
735.05,HLD,641241,149,0,-12.02105,41.8,42.8,0.14,148,14,False,-60,1800
736.22,HLD,642367,149,0,-12.02105,41.8,42.8,0.14,148,14,False,-61,1800
737.2,HLD,643402,149,0,-12.02105,43.8,42.8,-0.14,148,14,False,-60,1800
738.12,HLD,644322,149,0,-12.02105,41.8,42.8,0.14,148,14,False,-60,1800
739.13,HLD,645337,149,0,-12.02105,41.8,42.8,0.14,148,14,False,-60,1800
740.16,HLD,646367,149,0,-12.02105,42.8,42.8,0,148,14,False,-60,1800
741.19,HLD,647392,149,0,-12.02105,41.8,42.8,0.14,148,14,False,-60,1800
742.21,HLD,648412,149,0,-12.02105,41.8,42.8,0.14,148,14,False,-60,1800
743.24,HLD,649442,149,0,-12.02105,41.8,42.8,0.14,148,14,False,-62,1800
744.06,HLD,650253,149,0,-12.02105,41.8,42.8,0.14,148,14,False,-60,1800
745.08,HLD,651278,149,0,-12.02105,41.8,42.8,0.14,148,14,False,-60,1800
746.1,HLD,652303,149,0,-12.02105,41.8,42.8,0.14,148,14,False,-60,1800
747.13,HLD,653329,149,0,-12.02105,41.8,42.8,0.14,148,14,False,-59,1800
748.16,HLD,654350,149,0,-12.02105,41.8,42.8,0.14,148,14,False,-59,1800
749.17,HLD,655371,149,0,-12.02105,41.8,42.8,0.14,148,14,False,-60,1800
750.2,HLD,656402,149,0,-12.02105,41.8,42.8,0.14,148,14,False,-60,1800
751.23,HLD,657428,149,0,-12.02105,41.8,42.8,0.14,148,14,False,-60,1800
752.04,HLD,658244,149,0,-12.02105,41.8,42.8,0.14,148,14,False,-60,1800
753.07,HLD,659269,149,0,-12.02105,41.8,42.8,0.14,148,14,False,-60,1800
754.09,HLD,660290,150,0,-12.02105,42.8,42.8,0,148,14,False,-60,1800
755.11,HLD,661311,150,0,-12.02105,41.8,42.8,0.14,148,14,False,-60,1800
756.14,HLD,662341,150,0,-12.02105,42.8,42.8,0,148,14,False,-61,1800
757.16,HLD,663362,150,0,-12.02105,42.8,42.8,0,148,14,False,-60,1800
758.08,HLD,664282,150,0,-12.02105,41.8,42.8,0.14,148,14,False,-59,1800
759.1,HLD,665307,150,0,-12.02105,41.8,42.8,0.14,148,14,False,-60,1800
760.14,HLD,666337,150,0,-12.02105,42.8,42.8,0,148,14,False,-60,1800
761.16,HLD,667363,150,0,-12.02105,42.8,42.8,0,148,14,False,-60,1800
762.18,HLD,668383,150,0,-12.02105,42.8,42.8,0,148,14,False,-60,1800
763.21,HLD,669403,150,0,-12.02105,41.8,42.8,0.14,148,14,False,-60,1800
764.23,HLD,670428,150,0,-12.02105,41.8,42.8,0.14,148,14,False,-61,1800
765.04,HLD,671249,150,0,-12.02105,41.8,42.8,0.14,148,14,False,-60,1800
766.07,HLD,672270,150,0,-12.02105,41.8,42.8,0.14,148,14,False,-60,1800
767.1,HLD,673300,150,0,-12.02105,41.8,42.8,0.14,148,14,False,-60,1800
768.13,HLD,674322,150,0,-12.02105,42.8,42.8,0,148,14,False,-60,1800
769.14,HLD,675342,150,0,-12.02105,41.8,42.8,0.14,148,14,False,-60,1800
770.17,HLD,676372,150,0,-12.02105,42.8,42.8,0,148,14,False,-61,1800
771.18,HLD,677387,150,0,-12.02105,41.8,42.8,0.14,148,14,False,-61,1800
772.21,HLD,678414,150,0,-12.02105,41.8,42.8,0.14,148,14,False,-62,1800
773.24,HLD,679439,150,0,-12.02105,41.8,42.8,0.14,148,14,False,-60,1800
774.06,HLD,680266,151,0,-12.02105,41.8,42.8,0.14,148,14,False,-61,1800
775.08,HLD,681281,151,0,-12.02105,41.8,42.8,0.14,148,14,False,-60,1800
776.1,HLD,682302,151,0,-12.02105,41.8,42.8,0.14,148,14,False,-60,1800
777.24,HLD,683442,151,0,-12.02105,41.8,42.8,0.14,148,14,False,-61,1800
778.16,HLD,684357,151,0,-12.02105,42.8,42.8,0,148,14,False,-60,1800
779.18,HLD,685382,151,0,-12.02105,41.8,42.8,0.14,148,14,False,-61,1800
780.2,HLD,686408,151,0,-12.02105,41.8,42.8,0.14,148,14,False,-61,1800
781.23,HLD,687434,151,0,-12.02105,41.8,42.8,0.14,148,14,False,-61,1800
782.05,HLD,688245,151,0,-12.02105,42.8,42.8,0,148,14,False,-60,1800
783.07,HLD,689277,151,0,-12.02105,41.8,42.8,0.14,148,14,False,-61,1800
784.09,HLD,690293,151,0,-12.02105,41.8,42.8,0.14,148,14,False,-60,1800
785.12,HLD,691319,151,0,-12.02105,41.8,42.8,0.14,148,14,False,-60,1800
786.14,HLD,692339,151,0,-12.02105,42.8,42.8,0,148,14,False,-60,1800
787.16,HLD,693365,151,0,-12.02105,41.8,42.8,0.14,148,14,False,-62,1800
788.19,HLD,694391,151,0,-12.02105,41.8,42.8,0.14,148,14,False,-60,1800
789.21,HLD,695411,151,0,-12.02105,42.8,42.8,0,148,14,False,-60,1800
790.24,HLD,696441,151,0,-12.02105,41.8,42.8,0.14,148,14,False,-60,1800
791.06,HLD,697261,151,0,-12.02105,41.8,42.8,0.14,148,14,False,-61,1800
792.08,HLD,698286,151,0,-12.02105,41.8,42.8,0.14,148,14,False,-60,1800
793.1,HLD,699301,151,0,-12.02105,41.8,42.8,0.14,148,14,False,-60,1800
794.13,HLD,700326,152,0,-12.02105,41.8,42.8,0.14,148,14,False,-61,1800
795.15,HLD,701351,152,0,-12.02105,41.8,42.8,0.14,148,14,False,-60,1800
796.11,HLD,702271,152,0,-12.02105,41.8,42.8,0.14,148,14,False,-60,1800
797.12,HLD,703301,152,0,-12.02105,41.8,42.8,0.14,148,14,False,-60,1800
798.22,HLD,704427,152,0,-12.02105,41.8,42.8,0.14,148,14,False,-60,1800
799.15,HLD,705347,152,0,-12.02105,41.8,42.8,0.14,148,14,False,-60,1800
800.17,HLD,706372,152,0,-12.02105,41.8,42.8,0.14,148,14,False,-59,1800
801.19,HLD,707392,152,0,-12.02105,41.8,42.8,0.14,148,14,False,-60,1800
802.22,HLD,708417,152,0,-12.02105,41.8,42.8,0.14,148,14,False,-60,1800
803.24,HLD,709448,152,0,-12.02105,42.8,42.8,0,148,14,False,-60,1800
804.06,HLD,710269,152,0,-12.02105,41.8,42.8,0.14,148,14,False,-60,1800
805.08,HLD,711285,152,0,-12.02105,41.8,42.8,0.14,148,14,False,-60,1800
806.11,HLD,712310,152,0,-12.02105,41.8,42.8,0.14,148,14,False,-60,1800
807.13,HLD,713330,152,0,-12.02105,41.8,42.8,0.14,148,14,False,-60,1800
808.16,HLD,714365,152,0,-12.02105,41.8,42.8,0.14,148,14,False,-60,1800
809.18,HLD,715385,152,0,-12.02105,41.8,42.8,0.14,148,14,False,-60,1800
810.22,HLD,716410,152,0,-12.02105,41.8,42.8,0.14,148,14,False,-59,1800
811.24,HLD,717442,152,0,-12.02105,41.8,42.8,0.14,148,14,False,-60,1800
812.06,HLD,718252,152,0,-12.02105,41.8,42.8,0.14,148,14,False,-59,1800
813.07,HLD,719273,152,0,-12.02105,41.8,42.8,0.14,148,14,False,-61,1800
814.09,HLD,720295,153,0,-12.02105,41.8,42.8,0.14,148,14,False,-60,1800
815.12,HLD,721320,153,0,-12.02105,41.8,42.8,0.14,148,14,False,-60,1800
816.29,HLD,722471,153,0,-12.02105,41.8,42.8,0.14,148,14,False,-60,1800
817.2,HLD,723367,153,0,-12.02105,42.8,42.8,0,148,14,False,-60,1800
818.09,HLD,724294,153,0,-12.02105,41.8,42.8,0.14,148,14,False,-60,1800
819.11,HLD,725314,153,0,-12.02105,41.8,42.8,0.14,148,14,False,-60,1800
820.14,HLD,726339,153,0,-12.02105,41.8,42.8,0.14,148,14,False,-60,1800
821.16,HLD,727364,153,0,-12.02105,41.8,42.8,0.14,148,14,False,-60,1800
822.19,HLD,728389,153,0,-12.02105,42.8,42.8,0,148,14,False,-59,1800
823.21,HLD,729410,153,0,-12.02105,41.8,42.8,0.14,148,14,False,-60,1800
824.23,HLD,730435,153,0,-12.02105,41.8,42.8,0.14,148,14,False,-62,1800
825.05,HLD,731251,153,0,-12.02105,41.8,42.8,0.14,148,14,False,-59,1800
826.08,HLD,732286,153,0,-12.02105,41.8,42.8,0.14,148,14,False,-60,1800
827.1,HLD,733306,153,0,-12.02105,41.8,42.8,0.14,148,14,False,-60,1800
828.13,HLD,734336,153,0,-12.02105,41.8,42.8,0.14,148,14,False,-60,1800
829.15,HLD,735351,153,0,-12.02105,41.8,42.8,0.14,148,14,False,-59,1800
830.17,HLD,736376,153,0,-12.02105,41.8,42.8,0.14,148,14,False,-60,1800
831.2,HLD,737397,153,0,-12.02105,41.8,42.8,0.14,148,14,False,-60,1800
832.22,HLD,738422,153,0,-12.02105,41.8,42.8,0.14,148,14,False,-59,1800
833.04,HLD,739243,153,0,-12.02105,41.8,42.8,0.14,148,14,False,-61,1800
834.06,HLD,740263,154,0,-12.02105,41.8,42.8,0.14,148,14,False,-60,1800
835.09,HLD,741293,154,0,-12.02105,41.8,42.8,0.14,148,14,False,-60,1800
836.24,HLD,742413,154,0,-12.02105,41.8,42.8,0.14,148,14,False,-61,1800
837.25,HLD,743448,154,0,-12.02105,42.8,42.8,0,148,14,False,-60,1800
838.06,HLD,744263,154,0,-12.02105,41.8,42.8,0.14,148,14,False,-59,1800
839.08,HLD,745283,154,0,-12.02105,41.8,42.8,0.14,148,14,False,-60,1800
840.1,HLD,746303,154,0,-12.02105,41.8,42.8,0.14,148,14,False,-60,1800
841.13,HLD,747333,154,0,-12.02105,41.8,42.8,0.14,148,14,False,-59,1800
842.15,HLD,748354,154,0,-12.02105,41.8,42.8,0.14,148,14,False,-60,1800
843.18,HLD,749384,154,0,-12.02105,41.8,42.8,0.14,148,14,False,-60,1800
844.21,HLD,750400,154,0,-12.02105,41.8,42.8,0.14,148,14,False,-61,1800
845.23,HLD,751425,154,0,-12.02105,41.8,42.8,0.14,148,14,False,-59,1800
846.04,HLD,752245,154,0,-12.02105,41.8,42.8,0.14,148,14,False,-60,1800
847.07,HLD,753271,154,0,-12.02105,41.8,42.8,0.14,148,14,False,-60,1800
848.1,HLD,754296,154,0,-12.02105,41.8,42.8,0.14,148,14,False,-60,1800
849.12,HLD,755316,154,0,-12.02105,41.8,42.8,0.14,148,14,False,-60,1800
850.14,HLD,756346,154,0,-12.02105,41.8,42.8,0.14,148,14,False,-60,1800
851.16,HLD,757366,154,0,-12.02105,41.8,42.8,0.14,148,14,False,-59,1800
852.19,HLD,758387,154,0,-12.02105,41.8,42.8,0.14,148,14,False,-60,1800
853.21,HLD,759417,154,0,-12.02105,41.8,42.8,0.14,148,14,False,-59,1800
854.24,HLD,760436,155,0,-12.02105,41.8,42.8,0.14,148,14,False,-60,1800
855.06,HLD,761257,155,0,-12.02105,41.8,42.8,0.14,148,14,False,-60,1800
856.11,HLD,762279,155,0,-12.02105,42.8,42.8,0,148,14,False,-61,1800
857.1,HLD,763304,155,0,-12.02105,41.8,42.8,0.14,148,14,False,-60,1800
858.23,HLD,764429,155,0,-12.02105,41.8,42.8,0.14,148,14,False,-60,1800
859.05,HLD,765255,155,0,-12.02105,41.8,42.8,0.14,148,14,False,-60,1800
860.08,HLD,766280,155,0,-12.02105,41.8,42.8,0.14,148,14,False,-59,1800
861.1,HLD,767301,155,0,-12.02105,41.8,42.8,0.14,148,14,False,-60,1800
862.12,HLD,768322,155,0,-12.02105,41.8,42.8,0.14,148,14,False,-59,1800
863.15,HLD,769352,155,0,-12.02105,41.8,42.8,0.14,148,14,False,-60,1800
864.17,HLD,770378,155,0,-12.02105,41.8,42.8,0.14,148,14,False,-61,1800
865.2,HLD,771398,155,0,-12.02105,42.8,42.8,0,148,14,False,-60,1800
866.22,HLD,772424,155,0,-12.02105,41.8,42.8,0.14,148,14,False,-60,1800
867.25,HLD,773450,155,0,-12.02105,41.8,42.8,0.14,148,14,False,-60,1800
868.07,HLD,774266,155,0,-12.02105,41.8,42.8,0.14,148,14,False,-60,1800
869.08,HLD,775286,155,0,-12.02105,41.8,42.8,0.14,148,14,False,-60,1800
870.11,HLD,776312,155,0,-12.02105,41.8,42.8,0.14,148,14,False,-60,1800
871.14,HLD,777337,155,0,-12.02105,41.8,42.8,0.14,148,14,False,-59,1800
872.16,HLD,778367,155,0,-12.02105,41.8,42.8,0.14,148,14,False,-61,1800
873.18,HLD,779387,155,0,-12.02105,41.8,42.8,0.14,148,14,False,-59,1800
874.2,HLD,780404,156,0,-12.02105,42.8,42.8,0,148,14,False,-60,1800
875.23,HLD,781434,156,0,-12.02105,41.8,42.8,0.14,148,14,False,-60,1800
876.05,HLD,782254,156,0,-12.02105,41.8,42.8,0.14,148,14,False,-60,1800
877.21,HLD,783414,156,0,-12.02105,41.8,42.8,0.14,148,14,False,-60,1800
878.1,HLD,784299,156,0,-12.02105,42.8,42.8,0,148,14,False,-60,1800
879.12,HLD,785319,156,0,-12.02105,41.8,42.8,0.14,148,14,False,-60,1800
880.15,HLD,786349,156,0,-12.02105,41.8,42.8,0.14,148,14,False,-60,1800
881.17,HLD,787374,156,0,-12.02105,41.8,42.8,0.14,148,14,False,-59,1800
882.19,HLD,788394,156,0,-12.02105,42.8,42.8,0,148,14,False,-58,1800
883.22,HLD,789424,156,0,-12.02105,41.8,42.8,0.14,148,14,False,-59,1800
884.24,HLD,790444,156,0,-12.02105,41.8,42.8,0.14,148,14,False,-59,1800
885.06,HLD,791264,156,0,-12.02105,41.8,42.8,0.14,148,14,False,-59,1800
886.08,HLD,792284,156,0,-12.02105,41.8,42.8,0.14,148,14,False,-59,1800
887.11,HLD,793314,156,0,-12.02105,41.8,42.8,0.14,148,14,False,-59,1800
888.14,HLD,794335,156,0,-12.02105,41.8,42.8,0.14,148,14,False,-59,1800
889.15,HLD,795355,156,0,-12.02105,41.8,42.8,0.14,148,14,False,-58,1800
890.18,HLD,796380,156,0,-12.02105,41.8,42.8,0.14,148,14,False,-59,1800
891.2,HLD,797406,156,0,-12.02105,42.8,42.8,0,148,14,False,-59,1800
892.23,HLD,798431,156,0,-12.02105,41.8,42.8,0.14,148,14,False,-59,1800
893.05,HLD,799247,156,0,-12.02105,41.8,42.8,0.14,148,14,False,-59,1800
894.08,HLD,800278,157,0,-12.02105,41.8,42.8,0.14,148,14,False,-59,1800
895.1,HLD,801299,157,0,-12.02105,41.8,42.8,0.14,148,14,False,-59,1800
896.15,HLD,802319,157,0,-12.02105,42.8,42.8,0,148,14,False,-60,1800
897.07,HLD,803239,157,0,-12.02105,41.8,42.8,0.14,148,14,False,-58,1800
898.17,HLD,804375,157,0,-12.02105,41.8,42.8,0.14,148,14,False,-59,1800
899.09,HLD,805296,157,0,-12.02105,41.8,42.8,0.14,148,14,False,-61,1800
900.12,HLD,806316,157,0,-12.02105,41.8,42.8,0.14,148,14,False,-59,1800
901.14,HLD,807336,157,0,-12.02105,41.8,42.8,0.14,148,14,False,-59,1800
902.16,HLD,808362,157,0,-12.02105,41.8,42.8,0.14,148,14,False,-60,1800
903.19,HLD,809389,157,0,-12.02105,41.8,42.8,0.14,148,14,False,-59,1800
904.22,HLD,810416,157,0,-12.02105,41.8,42.8,0.14,148,14,False,-60,1800
905.23,HLD,811432,157,0,-12.02105,41.8,42.8,0.14,148,14,False,-59,1800
906.05,HLD,812253,157,0,-12.02105,41.8,42.8,0.14,148,14,False,-59,1800
907.08,HLD,813279,157,0,-12.02105,41.8,42.8,0.14,148,14,False,-60,1800
908.1,HLD,814305,157,0,-12.02105,41.8,42.8,0.14,148,14,False,-60,1800
909.12,HLD,815325,157,0,-12.02105,41.8,42.8,0.14,148,14,False,-62,1800
910.15,HLD,816355,157,0,-12.02105,41.8,42.8,0.14,148,14,False,-60,1800
911.18,HLD,817376,157,0,-12.02105,41.8,42.8,0.14,148,14,False,-60,1800
912.19,HLD,818396,157,0,-12.02105,41.8,42.8,0.14,148,14,False,-59,1800
913.23,HLD,819421,157,0,-12.02105,41.8,42.8,0.14,148,14,False,-60,1800
914.05,HLD,820246,158,0,-12.02105,41.8,42.8,0.14,148,14,False,-60,1800
915.06,HLD,821266,158,0,-12.02105,41.8,42.8,0.14,148,14,False,-59,1800
916.09,HLD,822286,158,0,-12.02105,41.8,42.8,0.14,148,14,False,-61,1800
917.25,HLD,823412,158,0,-12.02105,41.8,42.8,0.14,148,14,False,-58,1800
918.14,HLD,824338,158,0,-12.02105,41.8,42.8,0.14,148,14,False,-60,1800
919.17,HLD,825363,158,0,-12.02105,41.8,42.8,0.14,148,14,False,-59,1800
920.19,HLD,826388,158,0,-12.02105,41.8,42.8,0.14,148,14,False,-61,1800
921.21,HLD,827408,158,0,-12.02105,41.8,42.8,0.14,148,14,False,-59,1800
922.23,HLD,828429,158,0,-12.02105,41.8,42.8,0.14,148,14,False,-59,1800
923.05,HLD,829254,158,0,-12.02105,41.8,42.8,0.14,148,14,False,-62,1800
924.08,HLD,830284,158,0,-12.02105,41.8,42.8,0.14,148,14,False,-59,1800
925.1,HLD,831296,158,0,-12.02105,41.8,42.8,0.14,148,14,False,-59,1800
926.12,HLD,832326,158,0,-12.02105,41.8,42.8,0.14,148,14,False,-59,1800
927.14,HLD,833347,158,0,-12.02105,41.8,42.8,0.14,148,14,False,-59,1800
928.17,HLD,834373,158,0,-12.02105,41.8,42.8,0.14,148,14,False,-60,1800
929.21,HLD,835398,158,0,-12.02105,41.8,42.8,0.14,148,14,False,-59,1800
930.22,HLD,836423,158,0,-12.02105,41.8,42.8,0.14,148,14,False,-59,1800
931.04,HLD,837238,158,0,-12.02105,41.8,42.8,0.14,148,14,False,-60,1800
932.06,HLD,838264,158,0,-12.02105,41.8,42.8,0.14,148,14,False,-59,1800
933.09,HLD,839294,158,0,-12.02105,41.8,42.8,0.14,148,14,False,-59,1800
934.11,HLD,840310,159,0,-12.02105,41.8,42.8,0.14,148,14,False,-60,1800
935.14,HLD,841336,159,0,-12.02105,41.8,42.8,0.14,148,14,False,-60,1800
936.19,HLD,842356,159,0,-12.02105,42.8,42.8,0,148,14,False,-60,1800
937.12,HLD,843321,159,0,-12.02105,42.8,42.8,0,148,14,False,-63,1800
938.1,HLD,844302,159,0,-12.02105,41.8,42.8,0.14,148,14,False,-67,1800
939.13,HLD,845327,159,0,-12.02105,41.8,42.8,0.14,148,14,False,-70,1800
940.15,HLD,846347,159,0,-12.02105,41.8,42.8,0.14,148,14,False,-63,1800
941.18,HLD,847378,159,0,-12.02105,41.8,42.8,0.14,148,14,False,-60,1800
942.2,HLD,848403,159,0,-12.02105,41.8,42.8,0.14,148,14,False,-61,1800
943.22,HLD,849423,159,0,-12.02105,42.8,42.8,0,148,14,False,-63,1800
944.04,HLD,850243,159,0,-12.02105,41.8,42.8,0.14,148,14,False,-62,1800
945.07,HLD,851269,159,0,-12.02105,41.8,42.8,0.14,148,14,False,-62,1800
946.09,HLD,852289,159,0,-12.02105,41.8,42.8,0.14,148,14,False,-65,1800
947.12,HLD,853319,159,0,-12.02105,41.8,42.8,0.14,148,14,False,-60,1800
948.14,HLD,854341,159,0,-12.02105,41.8,42.8,0.14,148,14,False,-61,1800
949.17,HLD,855361,159,0,-12.02105,41.8,42.8,0.14,148,14,False,-63,1800
950.19,HLD,856387,159,0,-12.02105,41.8,42.8,0.14,148,14,False,-61,1800
951.21,HLD,857413,159,0,-12.02105,41.8,42.8,0.14,148,14,False,-61,1800
952.23,HLD,858433,159,0,-12.02105,41.8,42.8,0.14,148,14,False,-61,1800
953.05,HLD,859253,159,0,-12.02105,41.8,42.8,0.14,148,14,False,-60,1800
954.08,HLD,860278,160,0,-12.02105,41.8,42.8,0.14,148,14,False,-60,1800
955.1,HLD,861303,160,0,-12.02105,41.8,42.8,0.14,148,14,False,-64,1800
956.13,HLD,862324,160,0,-12.02105,41.8,42.8,0.14,148,14,False,-69,1800
957.28,HLD,863455,160,0,-12.02105,41.8,42.8,0.14,148,14,False,-74,1800
958.18,HLD,864380,160,0,-12.02105,41.8,42.8,0.14,148,14,False,-61,1800
959.2,HLD,865396,160,0,-12.02105,41.8,42.8,0.14,148,14,False,-60,1800
960.23,HLD,866426,160,0,-12.02105,41.8,42.8,0.14,148,14,False,-61,1800
961.05,HLD,867246,160,0,-12.02105,41.8,42.8,0.14,148,14,False,-60,1800
962.06,HLD,868266,160,0,-12.02105,41.8,42.8,0.14,148,14,False,-65,1800
963.09,HLD,869287,160,0,-12.02105,41.8,42.8,0.14,148,14,False,-61,1800
964.11,HLD,870318,160,0,-12.02105,41.8,42.8,0.14,148,14,False,-62,1800
965.14,HLD,871339,160,0,-12.02105,41.8,42.8,0.14,148,14,False,-63,1800
966.16,HLD,872364,160,0,-12.02105,41.8,42.8,0.14,148,14,False,-62,1800
967.18,HLD,873385,160,0,-12.02105,41.8,42.8,0.14,148,14,False,-74,1800
968.21,HLD,874410,160,0,-12.02105,41.8,42.8,0.14,148,14,False,-65,1800
969.24,HLD,875436,160,0,-12.02105,41.8,42.8,0.14,148,14,False,-66,1800
970.06,HLD,876256,160,0,-12.02105,41.8,42.8,0.14,148,14,False,-66,1800
971.08,HLD,877276,160,0,-12.02105,41.8,42.8,0.14,148,14,False,-67,1800
972.1,HLD,878301,160,0,-12.02105,41.8,42.8,0.14,148,14,False,-65,1800
973.13,HLD,879332,160,0,-12.02105,41.8,42.8,0.14,148,14,False,-65,1800
974.15,HLD,880348,161,0,-12.02105,41.8,42.8,0.14,148,14,False,-65,1800
975.17,HLD,881375,161,0,-12.02105,41.8,42.8,0.14,148,14,False,-65,1800
976.33,HLD,882496,161,0,-12.02105,41.8,42.8,0.14,148,14,False,-66,1800
977.26,HLD,883461,161,0,-12.02105,42.8,42.8,0,148,14,False,-65,1800
978.14,HLD,884341,161,0,-12.02105,41.8,42.8,0.14,148,14,False,-67,1800
979.17,HLD,885366,161,0,-12.02105,41.8,42.8,0.14,148,14,False,-66,1800
980.19,HLD,886391,161,0,-12.02105,41.8,42.8,0.14,148,14,False,-67,1800
981.22,HLD,887416,161,0,-12.02105,41.8,42.8,0.14,148,14,False,-66,1800
982.24,HLD,888436,161,0,-12.02105,41.8,42.8,0.14,148,14,False,-66,1800
983.06,HLD,889257,161,0,-12.02105,41.8,42.8,0.14,148,14,False,-65,1800
984.08,HLD,890279,161,0,-12.02105,41.8,42.8,0.14,148,14,False,-65,1800
985.11,HLD,891309,161,0,-12.02105,41.8,42.8,0.14,148,14,False,-65,1800
986.13,HLD,892329,161,0,-12.02105,41.8,42.8,0.14,148,14,False,-65,1800
987.15,HLD,893354,161,0,-12.02105,41.8,42.8,0.14,148,14,False,-65,1800
988.18,HLD,894380,161,0,-12.02105,41.8,42.8,0.14,148,14,False,-67,1800
989.2,HLD,895401,161,0,-12.02105,41.8,42.8,0.14,148,14,False,-66,1800
990.23,HLD,896426,161,0,-12.02105,41.8,42.8,0.14,148,14,False,-66,1800
991.04,HLD,897247,161,0,-12.02105,41.8,42.8,0.14,148,14,False,-67,1800
992.07,HLD,898268,161,0,-12.02105,41.8,42.8,0.14,148,14,False,-66,1800
993.09,HLD,899293,161,0,-12.02105,41.8,42.8,0.14,148,14,False,-65,1800
994.12,HLD,900314,162,0,-12.02105,41.8,42.8,0.14,148,14,False,-64,1800
995.14,HLD,901340,162,0,-12.02105,41.8,42.8,0.14,148,14,False,-65,1800
996.19,HLD,902361,162,0,-12.02105,42.8,42.8,0,148,14,False,-69,1800
997.11,HLD,903281,162,0,-12.02105,41.8,42.8,0.14,148,14,False,-68,1800
998.21,HLD,904412,162,0,-12.02105,41.8,42.8,0.14,148,14,False,-68,1800
999.24,HLD,905437,162,0,-12.02105,41.8,42.8,0.14,148,14,False,-67,1800
1000.06,HLD,906253,162,0,-12.02105,41.8,42.8,0.14,148,14,False,-67,1800
1001.08,HLD,907278,162,0,-12.02105,41.8,42.8,0.14,148,14,False,-65,1800
1002.1,HLD,908303,162,0,-12.02105,41.8,42.8,0.14,148,14,False,-66,1800
1003.13,HLD,909328,162,0,-12.02105,41.8,42.8,0.14,148,14,False,-66,1800
1004.16,HLD,910358,162,0,-12.02105,41.8,42.8,0.14,148,14,False,-65,1800
1005.17,HLD,911372,162,0,-12.02105,41.8,42.8,0.14,148,14,False,-65,1800
1006.21,HLD,912409,162,0,-12.02105,41.8,42.8,0.14,148,14,False,-65,1800
1479.61,HLD,1385804,186,0,-12.02105,40.8,42.8,0.28,148,14,False,-68,1800
1479.64,HLD,1385829,186,0,-12.02105,40.8,42.8,0.28,148,14,False,-68,1800
1479.67,HLD,1385860,186,0,-12.02105,40.8,42.8,0.28,148,14,False,-68,1800
1479.69,HLD,1385885,186,0,-12.02105,40.8,42.8,0.28,148,14,False,-68,1800
1479.71,HLD,1385910,186,0,-12.02105,40.8,42.8,0.28,148,14,False,-68,1800
1479.74,HLD,1385935,186,0,-12.02105,40.8,42.8,0.28,148,14,False,-68,1800
1479.76,HLD,1385956,186,0,-12.02105,40.8,42.8,0.28,148,14,False,-68,1800
1479.79,HLD,1385981,186,0,-12.02105,40.8,42.8,0.28,148,14,False,-68,1800
1479.81,HLD,1386006,186,0,-12.02105,40.8,42.8,0.28,148,14,False,-68,1800
1479.84,HLD,1386031,186,0,-12.02105,40.8,42.8,0.28,148,14,False,-68,1800
1479.86,HLD,1386051,186,0,-12.02105,40.8,42.8,0.28,148,14,False,-68,1800
1479.88,HLD,1386076,186,0,-12.02105,40.8,42.8,0.28,148,14,False,-68,1800
1479.91,HLD,1386101,186,0,-12.02105,42.8,42.8,0,148,14,False,-59,1800
1479.93,HLD,1386121,186,0,-12.02105,42.8,42.8,0,148,14,False,-59,1800
1479.95,HLD,1386146,186,0,-12.02105,42.8,42.8,0,148,14,False,-59,1800
1479.97,HLD,1386166,186,0,-12.02105,42.8,42.8,0,148,14,False,-59,1800
1480.0,HLD,1386191,186,0,-12.02105,42.8,42.8,0,148,14,False,-59,1800
1480.02,HLD,1386216,186,0,-12.02105,42.8,42.8,0,148,14,False,-59,1800
1480.05,HLD,1386242,186,0,-12.02105,42.8,42.8,0,148,14,False,-59,1800
1480.07,HLD,1386263,186,0,-12.02105,42.8,42.8,0,148,14,False,-59,1800
1480.09,HLD,1386288,186,0,-12.02105,42.8,42.8,0,148,14,False,-59,1800
1480.12,HLD,1386318,186,0,-12.02105,42.8,42.8,0,148,14,False,-59,1800
1480.14,HLD,1386339,186,0,-12.02105,42.8,42.8,0,148,14,False,-59,1800
1480.16,HLD,1386360,186,0,-12.02105,42.8,42.8,0,148,14,False,-59,1800
1480.19,HLD,1386381,186,0,-12.02105,42.8,42.8,0,148,14,False,-59,1800
1480.22,HLD,1386417,186,0,-12.02105,42.8,42.8,0,148,14,False,-59,1800
1480.24,HLD,1386438,186,0,-12.02105,42.8,42.8,0,148,14,False,-59,1800
1480.27,HLD,1386463,186,0,-12.02105,42.8,42.8,0,148,14,False,-59,1800
1480.3,HLD,1386493,186,0,-12.02105,42.8,42.8,0,148,14,False,-59,1800
1480.32,HLD,1386518,186,0,-12.02105,42.8,42.8,0,148,14,False,-59,1800
1480.35,HLD,1386544,186,0,-12.02105,42.8,42.8,0,148,14,False,-59,1800
1480.37,HLD,1386565,186,0,-12.02105,42.8,42.8,0,148,14,False,-59,1800
1480.4,HLD,1386591,186,0,-12.02105,42.8,42.8,0,148,14,False,-59,1800
1480.42,HLD,1386617,186,0,-12.02105,42.8,42.8,0,148,14,False,-59,1800
1480.45,HLD,1386642,186,0,-12.02105,42.8,42.8,0,148,14,False,-59,1800
1480.47,HLD,1386667,186,0,-12.02105,42.8,42.8,0,148,14,False,-59,1800
1480.5,HLD,1386698,186,0,-12.02105,42.8,42.8,0,148,14,False,-59,1800
1480.53,HLD,1386723,186,0,-12.02105,42.8,42.8,0,148,14,False,-59,1800
1480.55,HLD,1386748,186,0,-12.02105,42.8,42.8,0,148,14,False,-59,1800
1480.57,HLD,1386769,186,0,-12.02105,42.8,42.8,0,148,14,False,-59,1800
1480.6,HLD,1386794,186,0,-12.02105,42.8,42.8,0,148,14,False,-59,1800
1480.63,HLD,1386824,186,0,-12.02105,42.8,42.8,0,148,14,False,-59,1800
1480.65,HLD,1386849,186,0,-12.02105,42.8,42.8,0,148,14,False,-59,1800
1480.68,HLD,1386874,186,0,-12.02105,42.8,42.8,0,148,14,False,-59,1800
1480.7,HLD,1386895,186,0,-12.02105,42.8,42.8,0,148,14,False,-59,1800
1480.73,HLD,1386920,186,0,-12.02105,42.8,42.8,0,148,14,False,-59,1800
1480.75,HLD,1386945,186,0,-12.02105,42.8,42.8,0,148,14,False,-59,1800
1480.77,HLD,1386970,186,0,-12.02105,42.8,42.8,0,148,14,False,-59,1800
1480.8,HLD,1386995,186,0,-12.02105,42.8,42.8,0,148,14,False,-59,1800
1480.83,HLD,1387021,186,0,-12.02105,42.8,42.8,0,148,14,False,-59,1800
1480.85,HLD,1387046,186,0,-12.02105,42.8,42.8,0,148,14,False,-59,1800
1480.88,HLD,1387071,186,0,-12.02105,42.8,42.8,0,148,14,False,-59,1800
1480.9,HLD,1387096,186,0,-12.02105,43.8,42.8,-0.14,148,14,False,-59,1800
1480.93,HLD,1387121,186,0,-12.02105,43.8,42.8,-0.14,148,14,False,-59,1800
1480.95,HLD,1387141,186,0,-12.02105,43.8,42.8,-0.14,148,14,False,-59,1800
1480.97,HLD,1387166,186,0,-12.02105,43.8,42.8,-0.14,148,14,False,-59,1800
1481.0,HLD,1387191,186,0,-12.02105,43.8,42.8,-0.14,148,14,False,-59,1800
1481.02,HLD,1387216,186,0,-12.02105,43.8,42.8,-0.14,148,14,False,-59,1800
1481.05,HLD,1387241,186,0,-12.02105,43.8,42.8,-0.14,148,14,False,-59,1800
1481.07,HLD,1387266,186,0,-12.02105,43.8,42.8,-0.14,148,14,False,-59,1800
1481.1,HLD,1387291,186,0,-12.02105,43.8,42.8,-0.14,148,14,False,-59,1800
1481.12,HLD,1387316,186,0,-12.02105,43.8,42.8,-0.14,148,14,False,-59,1800
1481.14,HLD,1387337,186,0,-12.02105,43.8,42.8,-0.14,148,14,False,-59,1800
1481.17,HLD,1387362,186,0,-12.02105,43.8,42.8,-0.14,148,14,False,-59,1800
1481.19,HLD,1387387,186,0,-12.02105,43.8,42.8,-0.14,148,14,False,-59,1800
1481.23,HLD,1387412,186,0,-12.02105,43.8,42.8,-0.14,148,14,False,-59,1800
1481.25,HLD,1387447,186,0,-12.02105,43.8,42.8,-0.14,148,14,False,-59,1800
1481.27,HLD,1387472,186,0,-12.02105,43.8,42.8,-0.14,148,14,False,-59,1800
1481.3,HLD,1387493,186,0,-12.02105,43.8,42.8,-0.14,148,14,False,-59,1800
1481.32,HLD,1387514,186,0,-12.02105,43.8,42.8,-0.14,148,14,False,-59,1800
1481.34,HLD,1387539,186,0,-12.02105,43.8,42.8,-0.14,148,14,False,-59,1800
1481.37,HLD,1387560,186,0,-12.02105,43.8,42.8,-0.14,148,14,False,-59,1800
1481.39,HLD,1387590,186,0,-12.02105,43.8,42.8,-0.14,148,14,False,-59,1800
1481.42,HLD,1387616,186,0,-12.02105,43.8,42.8,-0.14,148,14,False,-59,1800
1481.45,HLD,1387642,186,0,-12.02105,43.8,42.8,-0.14,148,14,False,-59,1800
1481.48,HLD,1387667,186,0,-12.02105,43.8,42.8,-0.14,148,14,False,-59,1800
1481.5,HLD,1387692,186,0,-12.02105,43.8,42.8,-0.14,148,14,False,-59,1800
1481.52,HLD,1387717,186,0,-12.02105,43.8,42.8,-0.14,148,14,False,-59,1800
1481.54,HLD,1387742,186,0,-12.02105,43.8,42.8,-0.14,148,14,False,-59,1800
1481.57,HLD,1387763,186,0,-12.02105,43.8,42.8,-0.14,148,14,False,-59,1800
1481.6,HLD,1387794,186,0,-12.02105,43.8,42.8,-0.14,148,14,False,-59,1800
1481.62,HLD,1387815,186,0,-12.02105,43.8,42.8,-0.14,148,14,False,-59,1800
1481.65,HLD,1387841,186,0,-12.02105,43.8,42.8,-0.14,148,14,False,-59,1800
1481.67,HLD,1387866,186,0,-12.02105,43.8,42.8,-0.14,148,14,False,-59,1800
1481.69,HLD,1387886,186,0,-12.02105,43.8,42.8,-0.14,148,14,False,-59,1800
1481.72,HLD,1387916,186,0,-12.02105,43.8,42.8,-0.14,148,14,False,-59,1800
1481.75,HLD,1387941,186,0,-12.02105,43.8,42.8,-0.14,148,14,False,-59,1800
1481.77,HLD,1387966,186,0,-12.02105,43.8,42.8,-0.14,148,14,False,-59,1800
1481.81,HLD,1387996,186,0,-12.02105,43.8,42.8,-0.14,148,14,False,-59,1800
1481.83,HLD,1388027,186,0,-12.02105,43.8,42.8,-0.14,148,14,False,-59,1800
1481.86,HLD,1388053,186,0,-12.02105,43.8,42.8,-0.14,148,14,False,-59,1800
1481.88,HLD,1388078,186,0,-12.02105,43.8,42.8,-0.14,148,14,False,-59,1800
1481.91,HLD,1388098,186,0,-12.02105,44.8,42.8,-0.28,148,14,False,-59,1800
1481.94,HLD,1388124,186,0,-12.02105,44.8,42.8,-0.28,148,14,False,-59,1800
1481.96,HLD,1388154,186,0,-12.02105,44.8,42.8,-0.28,148,14,False,-59,1800
1481.99,HLD,1388179,186,0,-12.02105,44.8,42.8,-0.28,148,14,False,-59,1800
1482.01,HLD,1388204,186,0,-12.02105,44.8,42.8,-0.28,148,14,False,-59,1800
1482.04,HLD,1388229,186,0,-12.02105,44.8,42.8,-0.28,148,14,False,-59,1800
1482.06,HLD,1388255,186,0,-12.02105,44.8,42.8,-0.28,148,14,False,-59,1800
1482.08,HLD,1388276,186,0,-12.02105,44.8,42.8,-0.28,148,14,False,-59,1800
1482.11,HLD,1388301,186,0,-12.02105,44.8,42.8,-0.28,148,14,False,-59,1800
1482.13,HLD,1388326,186,0,-12.02105,44.8,42.8,-0.28,148,14,False,-59,1800
1482.16,HLD,1388356,186,0,-12.02105,44.8,42.8,-0.28,148,14,False,-59,1800
1482.18,HLD,1388377,186,0,-12.02105,44.8,42.8,-0.28,148,14,False,-59,1800
1482.21,HLD,1388407,186,0,-12.02105,44.8,42.8,-0.28,148,14,False,-59,1800
1482.24,HLD,1388432,186,0,-12.02105,44.8,42.8,-0.28,148,14,False,-59,1800
1482.26,HLD,1388457,186,0,-12.02105,44.8,42.8,-0.28,148,14,False,-59,1800
1482.29,HLD,1388482,186,0,-12.02105,44.8,42.8,-0.28,148,14,False,-59,1800
1482.31,HLD,1388508,186,0,-12.02105,44.8,42.8,-0.28,148,14,False,-59,1800
1482.34,HLD,1388533,186,0,-12.02105,44.8,42.8,-0.28,148,14,False,-59,1800
1482.36,HLD,1388558,186,0,-12.02105,44.8,42.8,-0.28,148,14,False,-61,1800
1482.39,HLD,1388583,186,0,-12.02105,44.8,42.8,-0.28,148,14,False,-61,1800
1482.41,HLD,1388608,186,0,-12.02105,44.8,42.8,-0.28,148,14,False,-61,1800
1482.44,HLD,1388629,186,0,-12.02105,44.8,42.8,-0.28,148,14,False,-61,1800
1482.46,HLD,1388654,186,0,-12.02105,44.8,42.8,-0.28,148,14,False,-61,1800
1482.48,HLD,1388679,186,0,-12.02105,44.8,42.8,-0.28,148,14,False,-61,1800
1482.51,HLD,1388704,186,0,-12.02105,44.8,42.8,-0.28,148,14,False,-61,1800
1482.53,HLD,1388725,186,0,-12.02105,44.8,42.8,-0.28,148,14,False,-61,1800
1482.56,HLD,1388750,186,0,-12.02105,44.8,42.8,-0.28,148,14,False,-61,1800
1482.58,HLD,1388775,186,0,-12.02105,44.8,42.8,-0.28,148,14,False,-61,1800
1482.61,HLD,1388805,186,0,-12.02105,44.8,42.8,-0.28,148,14,False,-61,1800
1482.63,HLD,1388826,186,0,-12.02105,44.8,42.8,-0.28,148,14,False,-61,1800
1482.66,HLD,1388851,186,0,-12.02105,44.8,42.8,-0.28,148,14,False,-61,1800
1482.68,HLD,1388872,186,0,-12.02105,44.8,42.8,-0.28,148,14,False,-61,1800
1482.7,HLD,1388898,186,0,-12.02105,44.8,42.8,-0.28,148,14,False,-61,1800
1482.73,HLD,1388923,186,0,-12.02105,44.8,42.8,-0.28,148,14,False,-61,1800
1482.75,HLD,1388948,186,0,-12.02105,44.8,42.8,-0.28,148,14,False,-61,1800
1482.78,HLD,1388978,186,0,-12.02105,44.8,42.8,-0.28,148,14,False,-61,1800
1482.8,HLD,1388999,186,0,-12.02105,44.8,42.8,-0.28,148,14,False,-61,1800
1482.83,HLD,1389024,186,0,-12.02105,44.8,42.8,-0.28,148,14,False,-61,1800
1482.85,HLD,1389049,186,0,-12.02105,44.8,42.8,-0.28,148,14,False,-61,1800
1482.88,HLD,1389070,186,0,-12.02105,44.8,42.8,-0.28,148,14,False,-61,1800
1482.9,HLD,1389096,186,0,-12.02105,44.8,42.8,-0.28,148,14,False,-61,1800
1482.92,HLD,1389117,186,0,-12.02105,44.8,42.8,-0.28,148,14,False,-61,1800
1482.95,HLD,1389142,186,0,-12.02105,44.8,42.8,-0.28,148,14,False,-61,1800
1482.98,HLD,1389178,186,0,-12.02105,44.8,42.8,-0.28,148,14,False,-61,1800
1483.0,HLD,1389199,186,0,-12.02105,44.8,42.8,-0.28,148,14,False,-61,1800
1483.03,HLD,1389219,186,0,-12.02105,44.8,42.8,-0.28,148,14,False,-61,1800
1483.06,HLD,1389249,186,0,-12.02105,44.8,42.8,-0.28,148,14,False,-61,1800
1483.09,HLD,1389284,186,0,-12.02105,44.8,42.8,-0.28,148,14,False,-61,1800
1483.12,HLD,1389314,186,0,-12.02105,44.8,42.8,-0.28,148,14,False,-61,1800
1483.14,HLD,1389339,186,0,-12.02105,44.8,42.8,-0.28,148,14,False,-61,1800
1483.16,HLD,1389359,186,0,-12.02105,44.8,42.8,-0.28,148,14,False,-61,1800
1483.18,HLD,1389379,186,0,-12.02105,44.8,42.8,-0.28,148,14,False,-61,1800
1483.21,HLD,1389404,186,0,-12.02105,44.8,42.8,-0.28,148,14,False,-61,1800
1483.23,HLD,1389425,186,0,-12.02105,44.8,42.8,-0.28,148,14,False,-61,1800
1483.26,HLD,1389455,186,0,-12.02105,44.8,42.8,-0.28,148,14,False,-61,1800
1483.29,HLD,1389481,186,0,-12.02105,44.8,42.8,-0.28,148,14,False,-61,1800
1483.31,HLD,1389506,186,0,-12.02105,44.8,42.8,-0.28,148,14,False,-61,1800
1483.33,HLD,1389527,186,0,-12.02105,44.8,42.8,-0.28,148,14,False,-61,1800
1483.36,HLD,1389552,186,0,-12.02105,44.8,42.8,-0.28,148,14,False,-61,1800
1483.38,HLD,1389577,186,0,-12.02105,44.8,42.8,-0.28,148,14,False,-61,1800
1483.41,HLD,1389603,186,0,-12.02105,44.8,42.8,-0.28,148,14,False,-61,1800
1483.43,HLD,1389628,186,0,-12.02105,44.8,42.8,-0.28,148,14,False,-61,1800
1483.45,HLD,1389649,186,0,-12.02105,44.8,42.8,-0.28,148,14,False,-61,1800
1483.48,HLD,1389670,186,0,-12.02105,44.8,42.8,-0.28,148,14,False,-61,1800
1483.5,HLD,1389695,186,0,-12.02105,44.8,42.8,-0.28,148,14,False,-62,1800
1483.53,HLD,1389720,186,0,-12.02105,44.8,42.8,-0.28,148,14,False,-62,1800
1483.55,HLD,1389746,186,0,-12.02105,44.8,42.8,-0.28,148,14,False,-62,1800
1483.58,HLD,1389766,186,0,-12.02105,44.8,42.8,-0.28,148,14,False,-62,1800
1483.6,HLD,1389796,186,0,-12.02105,44.8,42.8,-0.28,148,14,False,-62,1800
1483.62,HLD,1389822,186,0,-12.02105,44.8,42.8,-0.28,148,14,False,-62,1800
1483.65,HLD,1389843,186,0,-12.02105,44.8,42.8,-0.28,148,14,False,-62,1800
1483.67,HLD,1389868,186,0,-12.02105,44.8,42.8,-0.28,148,14,False,-62,1800
1483.7,HLD,1389893,186,0,-12.02105,44.8,42.8,-0.28,148,14,False,-62,1800
1483.72,HLD,1389914,186,0,-12.02105,44.8,42.8,-0.28,148,14,False,-62,1800
1483.75,HLD,1389939,186,0,-12.02105,44.8,42.8,-0.28,148,14,False,-62,1800
1483.77,HLD,1389964,186,0,-12.02105,44.8,42.8,-0.28,148,14,False,-62,1800
1483.8,HLD,1389994,186,0,-12.02105,44.8,42.8,-0.28,148,14,False,-62,1800
1483.82,HLD,1390015,186,0,-12.02105,44.8,42.8,-0.28,148,14,False,-62,1800
1483.84,HLD,1390040,186,0,-12.02105,44.8,42.8,-0.28,148,14,False,-62,1800
1483.87,HLD,1390064,186,0,-12.02105,44.8,42.8,-0.28,148,14,False,-62,1800
1483.9,HLD,1390095,186,0,-12.02105,44.8,42.8,-0.28,148,14,False,-62,1800
1483.93,HLD,1390130,186,0,-12.02105,44.8,42.8,-0.28,148,14,False,-62,1800
1483.96,HLD,1390151,186,0,-12.02105,44.8,42.8,-0.28,148,14,False,-62,1800
1483.99,HLD,1390176,186,0,-12.02105,44.8,42.8,-0.28,148,14,False,-62,1800
1484.02,HLD,1390211,186,0,-12.02105,44.8,42.8,-0.28,148,14,False,-62,1800
1484.04,HLD,1390231,186,0,-12.02105,44.8,42.8,-0.28,148,14,False,-62,1800
1484.07,HLD,1390257,186,0,-12.02105,44.8,42.8,-0.28,148,14,False,-62,1800
1484.09,HLD,1390282,186,0,-12.02105,44.8,42.8,-0.28,148,14,False,-62,1800
1484.11,HLD,1390302,186,0,-12.02105,44.8,42.8,-0.28,148,14,False,-62,1800
1484.13,HLD,1390328,186,0,-12.02105,44.8,42.8,-0.28,148,14,False,-62,1800
1484.16,HLD,1390348,186,0,-12.02105,44.8,42.8,-0.28,148,14,False,-62,1800
1484.18,HLD,1390374,186,0,-12.02105,44.8,42.8,-0.28,148,14,False,-62,1800
1484.2,HLD,1390399,186,0,-12.02105,44.8,42.8,-0.28,148,14,False,-62,1800
1484.23,HLD,1390429,186,0,-12.02105,44.8,42.8,-0.28,148,14,False,-62,1800
1484.26,HLD,1390450,186,0,-12.02105,44.8,42.8,-0.28,148,14,False,-62,1800
1484.28,HLD,1390480,186,0,-12.02105,44.8,42.8,-0.28,148,14,False,-62,1800
1484.31,HLD,1390501,186,0,-12.02105,44.8,42.8,-0.28,148,14,False,-62,1800
1484.33,HLD,1390527,186,0,-12.02105,44.8,42.8,-0.28,148,14,False,-62,1800
1484.36,HLD,1390552,186,0,-12.02105,44.8,42.8,-0.28,148,14,False,-62,1800
1484.38,HLD,1390574,186,0,-12.02105,44.8,42.8,-0.28,148,14,False,-62,1800
1484.4,HLD,1390598,186,0,-12.02105,44.8,42.8,-0.28,148,14,False,-62,1800
1484.43,HLD,1390630,186,0,-12.02105,44.8,42.8,-0.28,148,14,False,-62,1800
1484.47,HLD,1390655,186,0,-12.02105,44.8,42.8,-0.28,148,14,False,-62,1800
1484.49,HLD,1390685,186,0,-12.02105,44.8,42.8,-0.28,148,14,False,-62,1800
1484.52,HLD,1390715,186,0,-12.02105,44.8,42.8,-0.28,148,14,False,-62,1800
1484.54,HLD,1390740,186,0,-12.02105,44.8,42.8,-0.28,148,14,False,-62,1800
1484.57,HLD,1390761,186,0,-12.02105,44.8,42.8,-0.28,148,14,False,-62,1800
1484.6,HLD,1390796,186,0,-12.02105,44.8,42.8,-0.28,148,14,False,-62,1800
1484.62,HLD,1390818,186,0,-12.02105,44.8,42.8,-0.28,148,14,False,-62,1800
1484.65,HLD,1390843,186,0,-12.02105,44.8,42.8,-0.28,148,14,False,-62,1800
1484.67,HLD,1390863,186,0,-12.02105,44.8,42.8,-0.28,148,14,False,-62,1800
1484.7,HLD,1390893,186,0,-12.02105,44.8,42.8,-0.28,148,14,False,-62,1800
1484.72,HLD,1390918,186,0,-12.02105,44.8,42.8,-0.28,148,14,False,-62,1800
1484.75,HLD,1390943,186,0,-12.02105,44.8,42.8,-0.28,148,14,False,-62,1800
1484.77,HLD,1390968,186,0,-12.02105,44.8,42.8,-0.28,148,14,False,-62,1800
1484.8,HLD,1390993,186,0,-12.02105,44.8,42.8,-0.28,148,14,False,-62,1800
1484.83,HLD,1391023,186,0,-12.02105,44.8,42.8,-0.28,148,14,False,-62,1800
1484.85,HLD,1391048,186,0,-12.02105,44.8,42.8,-0.28,148,14,False,-62,1800
1484.88,HLD,1391073,186,0,-12.02105,44.8,42.8,-0.28,148,14,False,-62,1800
1484.9,HLD,1391098,186,0,-12.02105,44.8,42.8,-0.28,148,14,False,-62,1800
1484.93,HLD,1391125,186,0,-12.02105,44.8,42.8,-0.28,148,14,False,-62,1800
1484.95,HLD,1391146,186,0,-12.02105,44.8,42.8,-0.28,148,14,False,-62,1800
1484.98,HLD,1391166,186,0,-12.02105,44.8,42.8,-0.28,148,14,False,-62,1800
1485.0,HLD,1391196,186,0,-12.02105,44.8,42.8,-0.28,148,14,False,-62,1800
1485.03,HLD,1391221,186,0,-12.02105,44.8,42.8,-0.28,148,14,False,-62,1800
1485.05,HLD,1391241,186,0,-12.02105,44.8,42.8,-0.28,148,14,False,-62,1800
1485.07,HLD,1391266,186,0,-12.02105,44.8,42.8,-0.28,148,14,False,-62,1800
1485.1,HLD,1391292,186,0,-12.02105,44.8,42.8,-0.28,148,14,False,-62,1800
1485.13,HLD,1391327,186,0,-12.02105,44.8,42.8,-0.28,148,14,False,-62,1800
1485.15,HLD,1391349,186,0,-12.02105,44.8,42.8,-0.28,148,14,False,-62,1800
1485.18,HLD,1391374,186,0,-12.02105,44.8,42.8,-0.28,148,14,False,-62,1800
1485.21,HLD,1391400,186,0,-12.02105,44.8,42.8,-0.28,148,14,False,-62,1800
1485.23,HLD,1391425,186,0,-12.02105,44.8,42.8,-0.28,148,14,False,-62,1800
1485.26,HLD,1391460,186,0,-12.02105,44.8,42.8,-0.28,148,14,False,-62,1800
1485.29,HLD,1391490,186,0,-12.02105,44.8,42.8,-0.28,148,14,False,-62,1800
1485.32,HLD,1391516,186,0,-12.02105,44.8,42.8,-0.28,148,14,False,-62,1800
1485.34,HLD,1391536,186,0,-12.02105,44.8,42.8,-0.28,148,14,False,-62,1800
1485.37,HLD,1391562,186,0,-12.02105,44.8,42.8,-0.28,148,14,False,-62,1800
1485.39,HLD,1391587,186,0,-12.02105,44.8,42.8,-0.28,148,14,False,-62,1800
1485.42,HLD,1391612,186,0,-12.02105,44.8,42.8,-0.28,148,14,False,-62,1800
1485.44,HLD,1391637,186,0,-12.02105,44.8,42.8,-0.28,148,14,False,-63,1800
1485.47,HLD,1391663,186,0,-12.02105,44.8,42.8,-0.28,148,14,False,-63,1800
1485.49,HLD,1391688,186,0,-12.02105,44.8,42.8,-0.28,148,14,False,-63,1800
1485.52,HLD,1391713,186,0,-12.02105,44.8,42.8,-0.28,148,14,False,-63,1800
1485.54,HLD,1391734,186,0,-12.02105,44.8,42.8,-0.28,148,14,False,-63,1800
1485.57,HLD,1391759,186,0,-12.02105,44.8,42.8,-0.28,148,14,False,-63,1800
1485.59,HLD,1391784,186,0,-12.02105,44.8,42.8,-0.28,148,14,False,-63,1800
1485.62,HLD,1391815,186,0,-12.02105,44.8,42.8,-0.28,148,14,False,-63,1800
1485.65,HLD,1391845,186,0,-12.02105,44.8,42.8,-0.28,148,14,False,-63,1800
1485.68,HLD,1391875,186,0,-12.02105,44.8,42.8,-0.28,148,14,False,-63,1800
1485.7,HLD,1391896,186,0,-12.02105,44.8,42.8,-0.28,148,14,False,-63,1800
1485.73,HLD,1391921,186,0,-12.02105,44.8,42.8,-0.28,148,14,False,-63,1800
1485.75,HLD,1391946,186,0,-12.02105,44.8,42.8,-0.28,148,14,False,-63,1800
1485.78,HLD,1391967,186,0,-12.02105,44.8,42.8,-0.28,148,14,False,-63,1800
1485.8,HLD,1391993,186,0,-12.02105,44.8,42.8,-0.28,148,14,False,-63,1800
1485.82,HLD,1392018,186,0,-12.02105,44.8,42.8,-0.28,148,14,False,-63,1800
1485.85,HLD,1392043,186,0,-12.02105,44.8,42.8,-0.28,148,14,False,-63,1800
1485.88,HLD,1392069,186,0,-12.02105,44.8,42.8,-0.28,148,14,False,-63,1800
1485.9,HLD,1392094,186,0,-12.02105,44.8,42.8,-0.28,148,14,False,-63,1800
1485.93,HLD,1392120,186,0,-12.02105,45.8,42.8,-0.42,148,14,False,-63,1800
1485.95,HLD,1392146,186,0,-12.02105,45.8,42.8,-0.42,148,14,False,-63,1800
1485.97,HLD,1392171,186,0,-12.02105,45.8,42.8,-0.42,148,14,False,-63,1800
1486.0,HLD,1392191,186,0,-12.02105,45.8,42.8,-0.42,148,14,False,-63,1800
1486.02,HLD,1392221,186,0,-12.02105,45.8,42.8,-0.42,148,14,False,-63,1800
1486.05,HLD,1392246,186,0,-12.02105,45.8,42.8,-0.42,148,14,False,-63,1800
1486.07,HLD,1392267,186,0,-12.02105,45.8,42.8,-0.42,148,14,False,-63,1800
1486.1,HLD,1392297,186,0,-12.02105,45.8,42.8,-0.42,148,14,False,-63,1800
1486.12,HLD,1392317,186,0,-12.02105,45.8,42.8,-0.42,148,14,False,-63,1800
1486.15,HLD,1392347,186,0,-12.02105,45.8,42.8,-0.42,148,14,False,-63,1800
1486.17,HLD,1392367,186,0,-12.02105,45.8,42.8,-0.42,148,14,False,-63,1800
1486.2,HLD,1392392,186,0,-12.02105,45.8,42.8,-0.42,148,14,False,-63,1800
1486.21,HLD,1392413,186,0,-12.02105,45.8,42.8,-0.42,148,14,False,-63,1800
1486.24,HLD,1392434,186,0,-12.02105,45.8,42.8,-0.42,148,14,False,-63,1800
1486.26,HLD,1392454,186,0,-12.02105,45.8,42.8,-0.42,148,14,False,-63,1800
1486.28,HLD,1392479,186,0,-12.02105,45.8,42.8,-0.42,148,14,False,-63,1800
1486.31,HLD,1392505,186,0,-12.02105,45.8,42.8,-0.42,148,14,False,-63,1800
1486.34,HLD,1392531,186,0,-12.02105,45.8,42.8,-0.42,148,14,False,-63,1800
1486.36,HLD,1392557,186,0,-12.02105,45.8,42.8,-0.42,148,14,False,-63,1800
1486.39,HLD,1392581,186,0,-12.02105,45.8,42.8,-0.42,148,14,False,-63,1800
1486.41,HLD,1392606,186,0,-12.02105,45.8,42.8,-0.42,148,14,False,-63,1800
1486.44,HLD,1392642,186,0,-12.02105,45.8,42.8,-0.42,148,14,False,-63,1800
1486.46,HLD,1392658,186,0,-12.02105,45.8,42.8,-0.42,148,14,False,-63,1800
1486.49,HLD,1392684,186,0,-12.02105,45.8,42.8,-0.42,148,14,False,-63,1800
1486.52,HLD,1392710,186,0,-12.02105,45.8,42.8,-0.42,148,14,False,-63,1800
1486.54,HLD,1392736,186,0,-12.02105,45.8,42.8,-0.42,148,14,False,-63,1800
1486.57,HLD,1392762,186,0,-12.02105,45.8,42.8,-0.42,148,14,False,-62,1800
1486.59,HLD,1392787,186,0,-12.02105,45.8,42.8,-0.42,148,14,False,-62,1800
1486.62,HLD,1392813,186,0,-12.02105,45.8,42.8,-0.42,148,14,False,-62,1800
1486.64,HLD,1392838,186,0,-12.02105,45.8,42.8,-0.42,148,14,False,-62,1800
1486.67,HLD,1392859,186,0,-12.02105,45.8,42.8,-0.42,148,14,False,-62,1800
1486.69,HLD,1392884,186,0,-12.02105,45.8,42.8,-0.42,148,14,False,-62,1800
1486.72,HLD,1392909,186,0,-12.02105,45.8,42.8,-0.42,148,14,False,-62,1800
1486.74,HLD,1392935,186,0,-12.02105,45.8,42.8,-0.42,148,14,False,-62,1800
1486.77,HLD,1392960,186,0,-12.02105,45.8,42.8,-0.42,148,14,False,-62,1800
1486.79,HLD,1392986,186,0,-12.02105,45.8,42.8,-0.42,148,14,False,-62,1800
1486.82,HLD,1393011,186,0,-12.02105,45.8,42.8,-0.42,148,14,False,-62,1800
1486.84,HLD,1393036,186,0,-12.02105,45.8,42.8,-0.42,148,14,False,-62,1800
1486.87,HLD,1393063,186,0,-12.02105,45.8,42.8,-0.42,148,14,False,-62,1800
1486.89,HLD,1393088,186,0,-12.02105,45.8,42.8,-0.42,148,14,False,-62,1800
1486.92,HLD,1393113,186,0,-12.02105,45.8,42.8,-0.42,148,14,False,-62,1800
1486.94,HLD,1393138,186,0,-12.02105,45.8,42.8,-0.42,148,14,False,-62,1800
1486.97,HLD,1393164,186,0,-12.02105,45.8,42.8,-0.42,148,14,False,-62,1800
1486.99,HLD,1393184,186,0,-12.02105,45.8,42.8,-0.42,148,14,False,-62,1800
1487.01,HLD,1393209,186,0,-12.02105,45.8,42.8,-0.42,148,14,False,-62,1800
1487.04,HLD,1393235,186,0,-12.02105,45.8,42.8,-0.42,148,14,False,-62,1800
1487.06,HLD,1393260,186,0,-12.02105,45.8,42.8,-0.42,148,14,False,-62,1800
1487.09,HLD,1393281,186,0,-12.02105,45.8,42.8,-0.42,148,14,False,-62,1800
1487.11,HLD,1393311,186,0,-12.02105,45.8,42.8,-0.42,148,14,False,-62,1800
1487.14,HLD,1393332,186,0,-12.02105,45.8,42.8,-0.42,148,14,False,-62,1800
1487.16,HLD,1393357,186,0,-12.02105,45.8,42.8,-0.42,148,14,False,-62,1800
1487.18,HLD,1393377,186,0,-12.02105,45.8,42.8,-0.42,148,14,False,-62,1800
1487.21,HLD,1393402,186,0,-12.02105,45.8,42.8,-0.42,148,14,False,-62,1800
1487.23,HLD,1393432,186,0,-12.02105,45.8,42.8,-0.42,148,14,False,-62,1800
1487.26,HLD,1393458,186,0,-12.02105,45.8,42.8,-0.42,148,14,False,-62,1800
1487.28,HLD,1393479,186,0,-12.02105,45.8,42.8,-0.42,148,14,False,-62,1800
1487.31,HLD,1393504,186,0,-12.02105,45.8,42.8,-0.42,148,14,False,-62,1800
1487.33,HLD,1393529,186,0,-12.02105,45.8,42.8,-0.42,148,14,False,-62,1800
1487.36,HLD,1393554,186,0,-12.02105,45.8,42.8,-0.42,148,14,False,-62,1800
1487.39,HLD,1393580,186,0,-12.02105,45.8,42.8,-0.42,148,14,False,-62,1800
1487.41,HLD,1393605,186,0,-12.02105,45.8,42.8,-0.42,148,14,False,-62,1800
1487.43,HLD,1393630,186,0,-12.02105,45.8,42.8,-0.42,148,14,False,-62,1800
1487.46,HLD,1393655,186,0,-12.02105,45.8,42.8,-0.42,148,14,False,-62,1800
1487.48,HLD,1393681,186,0,-12.02105,45.8,42.8,-0.42,148,14,False,-62,1800
1487.51,HLD,1393702,186,0,-12.02105,45.8,42.8,-0.42,148,14,False,-62,1800
1487.53,HLD,1393723,186,0,-12.02105,45.8,42.8,-0.42,148,14,False,-62,1800
1487.55,HLD,1393753,186,0,-12.02105,45.8,42.8,-0.42,148,14,False,-62,1800
1487.58,HLD,1393774,186,0,-12.02105,45.8,42.8,-0.42,148,14,False,-62,1800
1487.61,HLD,1393800,186,0,-12.02105,45.8,42.8,-0.42,148,14,False,-62,1800
1487.63,HLD,1393825,186,0,-12.02105,45.8,42.8,-0.42,148,14,False,-62,1800
1487.65,HLD,1393850,186,0,-12.02105,45.8,42.8,-0.42,148,14,False,-62,1800
1487.68,HLD,1393870,186,0,-12.02105,45.8,42.8,-0.42,148,14,False,-62,1800
1487.7,HLD,1393895,186,0,-12.02105,45.8,42.8,-0.42,148,14,False,-62,1800
1487.72,HLD,1393916,186,0,-12.02105,45.8,42.8,-0.42,148,14,False,-62,1800
1487.75,HLD,1393941,186,0,-12.02105,45.8,42.8,-0.42,148,14,False,-62,1800
1487.77,HLD,1393967,186,0,-12.02105,45.8,42.8,-0.42,148,14,False,-62,1800
1487.8,HLD,1393993,186,0,-12.02105,45.8,42.8,-0.42,148,14,False,-62,1800
1487.82,HLD,1394013,186,0,-12.02105,45.8,42.8,-0.42,148,14,False,-62,1800
1487.84,HLD,1394038,186,0,-12.02105,45.8,42.8,-0.42,148,14,False,-62,1800
1487.87,HLD,1394064,186,0,-12.02105,45.8,42.8,-0.42,148,14,False,-62,1800
1487.89,HLD,1394090,186,0,-12.02105,45.8,42.8,-0.42,148,14,False,-62,1800
1487.92,HLD,1394115,186,0,-12.02105,45.8,42.8,-0.42,148,14,False,-62,1800
1487.94,HLD,1394136,186,0,-12.02105,45.8,42.8,-0.42,148,14,False,-62,1800
1487.96,HLD,1394158,186,0,-12.02105,45.8,42.8,-0.42,148,14,False,-62,1800
1487.99,HLD,1394184,186,0,-12.02105,45.8,42.8,-0.42,148,14,False,-62,1800
1488.01,HLD,1394209,186,0,-12.02105,45.8,42.8,-0.42,148,14,False,-62,1800
1488.04,HLD,1394234,186,0,-12.02105,45.8,42.8,-0.42,148,14,False,-62,1800
1488.06,HLD,1394259,186,0,-12.02105,45.8,42.8,-0.42,148,14,False,-62,1800
1488.09,HLD,1394280,186,0,-12.02105,45.8,42.8,-0.42,148,14,False,-62,1800
1488.11,HLD,1394305,186,0,-12.02105,45.8,42.8,-0.42,148,14,False,-62,1800
1488.13,HLD,1394326,186,0,-12.02105,45.8,42.8,-0.42,148,14,False,-62,1800
1488.15,HLD,1394351,186,0,-12.02105,45.8,42.8,-0.42,148,14,False,-62,1800
1488.18,HLD,1394376,186,0,-12.02105,45.8,42.8,-0.42,148,14,False,-62,1800
1488.2,HLD,1394397,186,0,-12.02105,45.8,42.8,-0.42,148,14,False,-62,1800
1488.23,HLD,1394422,186,0,-12.02105,45.8,42.8,-0.42,148,14,False,-62,1800
1488.26,HLD,1394442,186,0,-12.02105,45.8,42.8,-0.42,148,14,False,-62,1800
1488.28,HLD,1394477,186,0,-12.02105,45.8,42.8,-0.42,148,14,False,-62,1800
1488.3,HLD,1394502,186,0,-12.02105,45.8,42.8,-0.42,148,14,False,-62,1800
1488.33,HLD,1394523,186,0,-12.02105,45.8,42.8,-0.42,148,14,False,-62,1800
1488.35,HLD,1394549,186,0,-12.02105,45.8,42.8,-0.42,148,14,False,-62,1800
1488.38,HLD,1394574,186,0,-12.02105,45.8,42.8,-0.42,148,14,False,-62,1800
1488.41,HLD,1394599,186,0,-12.02105,45.8,42.8,-0.42,148,14,False,-62,1800
1488.44,HLD,1394634,186,0,-12.02105,45.8,42.8,-0.42,148,14,False,-62,1800
1488.46,HLD,1394654,186,0,-12.02105,45.8,42.8,-0.42,148,14,False,-62,1800
1488.49,HLD,1394679,186,0,-12.02105,45.8,42.8,-0.42,148,14,False,-62,1800
1488.52,HLD,1394709,186,0,-12.02105,45.8,42.8,-0.42,148,14,False,-62,1800
1488.54,HLD,1394739,186,0,-12.02105,45.8,42.8,-0.42,148,14,False,-62,1800
1488.57,HLD,1394759,186,0,-12.02105,45.8,42.8,-0.42,148,14,False,-62,1800
1488.59,HLD,1394784,186,0,-12.02105,45.8,42.8,-0.42,148,14,False,-62,1800
1488.61,HLD,1394809,186,0,-12.02105,45.8,42.8,-0.42,148,14,False,-62,1800
1488.64,HLD,1394833,186,0,-12.02105,45.8,42.8,-0.42,148,14,False,-62,1800
1488.66,HLD,1394858,186,0,-12.02105,45.8,42.8,-0.42,148,14,False,-62,1800
1488.69,HLD,1394884,186,0,-12.02105,45.8,42.8,-0.42,148,14,False,-62,1800
1488.71,HLD,1394909,186,0,-12.02105,45.8,42.8,-0.42,148,14,False,-62,1800
1488.74,HLD,1394934,186,0,-12.02105,45.8,42.8,-0.42,148,14,False,-62,1800
1488.76,HLD,1394954,186,0,-12.02105,45.8,42.8,-0.42,148,14,False,-62,1800
1488.78,HLD,1394979,186,0,-12.02105,45.8,42.8,-0.42,148,14,False,-62,1800
1488.81,HLD,1395004,186,0,-12.02105,45.8,42.8,-0.42,148,14,False,-62,1800
1488.83,HLD,1395029,186,0,-12.02105,45.8,42.8,-0.42,148,14,False,-62,1800
1488.86,HLD,1395049,186,0,-12.02105,45.8,42.8,-0.42,148,14,False,-62,1800
1488.88,HLD,1395074,186,0,-12.02105,45.8,42.8,-0.42,148,14,False,-62,1800
1488.91,HLD,1395099,186,0,-12.02105,45.8,42.8,-0.42,148,14,False,-62,1800
1488.93,HLD,1395124,186,0,-12.02105,45.8,42.8,-0.42,148,14,False,-62,1800
1488.95,HLD,1395149,186,0,-12.02105,45.8,42.8,-0.42,148,14,False,-62,1800
1488.98,HLD,1395170,186,0,-12.02105,45.8,42.8,-0.42,148,14,False,-62,1800
1489.01,HLD,1395200,186,0,-12.02105,45.8,42.8,-0.42,148,14,False,-62,1800
1489.03,HLD,1395226,186,0,-12.02105,45.8,42.8,-0.42,148,14,False,-62,1800
1489.05,HLD,1395251,186,0,-12.02105,45.8,42.8,-0.42,148,14,False,-62,1800
1489.08,HLD,1395272,186,0,-12.02105,45.8,42.8,-0.42,148,14,False,-62,1800
1489.1,HLD,1395297,186,0,-12.02105,45.8,42.8,-0.42,148,14,False,-62,1800
1489.13,HLD,1395323,186,0,-12.02105,45.8,42.8,-0.42,148,14,False,-62,1800
1489.15,HLD,1395349,186,0,-12.02105,45.8,42.8,-0.42,148,14,False,-62,1800
1489.18,HLD,1395380,186,0,-12.02105,45.8,42.8,-0.42,148,14,False,-62,1800
1489.2,HLD,1395401,186,0,-12.02105,45.8,42.8,-0.42,148,14,False,-62,1800
1489.23,HLD,1395426,186,0,-12.02105,45.8,42.8,-0.42,148,14,False,-62,1800
1489.25,HLD,1395451,186,0,-12.02105,45.8,42.8,-0.42,148,14,False,-62,1800
1489.28,HLD,1395471,186,0,-12.02105,45.8,42.8,-0.42,148,14,False,-62,1800
1489.31,HLD,1395496,186,0,-12.02105,45.8,42.8,-0.42,148,14,False,-62,1800
1489.33,HLD,1395527,186,0,-12.02105,45.8,42.8,-0.42,148,14,False,-62,1800
1489.35,HLD,1395547,186,0,-12.02105,45.8,42.8,-0.42,148,14,False,-62,1800
1489.38,HLD,1395569,186,0,-12.02105,45.8,42.8,-0.42,148,14,False,-62,1800
1489.4,HLD,1395599,186,0,-12.02105,45.8,42.8,-0.42,148,14,False,-62,1800
1489.43,HLD,1395625,186,0,-12.02105,45.8,42.8,-0.42,148,14,False,-62,1800
1489.45,HLD,1395646,186,0,-12.02105,45.8,42.8,-0.42,148,14,False,-62,1800
1489.47,HLD,1395667,186,0,-12.02105,45.8,42.8,-0.42,148,14,False,-62,1800
1489.5,HLD,1395693,186,0,-12.02105,45.8,42.8,-0.42,148,14,False,-62,1800
1489.52,HLD,1395718,186,0,-12.02105,45.8,42.8,-0.42,148,14,False,-62,1800
1489.55,HLD,1395743,186,0,-12.02105,45.8,42.8,-0.42,148,14,False,-62,1800
1489.57,HLD,1395763,186,0,-12.02105,45.8,42.8,-0.42,148,14,False,-62,1800
1489.59,HLD,1395789,186,0,-12.02105,45.8,42.8,-0.42,148,14,False,-62,1800
1489.62,HLD,1395814,186,0,-12.02105,45.8,42.8,-0.42,148,14,False,-62,1800
1489.64,HLD,1395839,186,0,-12.02105,45.8,42.8,-0.42,148,14,False,-62,1800
1489.67,HLD,1395864,186,0,-12.02105,45.8,42.8,-0.42,148,14,False,-62,1800
1489.69,HLD,1395885,186,0,-12.02105,45.8,42.8,-0.42,148,14,False,-62,1800
1489.72,HLD,1395911,186,0,-12.02105,45.8,42.8,-0.42,148,14,False,-62,1800
1489.74,HLD,1395937,186,0,-12.02105,45.8,42.8,-0.42,148,14,False,-62,1800
1489.76,HLD,1395957,186,0,-12.02105,45.8,42.8,-0.42,148,14,False,-62,1800
1489.79,HLD,1395982,186,0,-12.02105,45.8,42.8,-0.42,148,14,False,-62,1800
1489.81,HLD,1396012,186,0,-12.02105,45.8,42.8,-0.42,148,14,False,-62,1800
1489.84,HLD,1396034,186,0,-12.02105,45.8,42.8,-0.42,148,14,False,-62,1800
1489.86,HLD,1396059,186,0,-12.02105,45.8,42.8,-0.42,148,14,False,-62,1800
1489.9,HLD,1396084,186,0,-12.02105,45.8,42.8,-0.42,148,14,False,-62,1800
1489.92,HLD,1396115,186,0,-12.02105,45.8,42.8,-0.42,148,14,False,-62,1800
1489.95,HLD,1396141,186,0,-12.02105,45.8,42.8,-0.42,148,14,False,-62,1800
1489.97,HLD,1396166,186,0,-12.02105,45.8,42.8,-0.42,148,14,False,-62,1800
1490.0,HLD,1396191,186,0,-12.02105,45.8,42.8,-0.42,148,14,False,-62,1800
1490.02,HLD,1396217,186,0,-12.02105,45.8,42.8,-0.42,148,14,False,-62,1800
1490.05,HLD,1396242,186,0,-12.02105,45.8,42.8,-0.42,148,14,False,-62,1800
1490.07,HLD,1396267,186,0,-12.02105,45.8,42.8,-0.42,148,14,False,-62,1800
1490.11,HLD,1396292,186,0,-12.02105,45.8,42.8,-0.42,148,14,False,-62,1800
1490.13,HLD,1396323,186,0,-12.02105,45.8,42.8,-0.42,148,14,False,-62,1800
1490.15,HLD,1396349,186,0,-12.02105,45.8,42.8,-0.42,148,14,False,-62,1800
1490.18,HLD,1396374,186,0,-12.02105,45.8,42.8,-0.42,148,14,False,-62,1800
1490.2,HLD,1396395,186,0,-12.02105,45.8,42.8,-0.42,148,14,False,-62,1800
1490.23,HLD,1396420,186,0,-12.02105,45.8,42.8,-0.42,148,14,False,-62,1800
1490.25,HLD,1396445,186,0,-12.02105,45.8,42.8,-0.42,148,14,False,-62,1800
1490.27,HLD,1396470,186,0,-12.02105,45.8,42.8,-0.42,148,14,False,-62,1800
1490.3,HLD,1396495,186,0,-12.02105,45.8,42.8,-0.42,148,14,False,-62,1800
1490.33,HLD,1396521,186,0,-12.02105,45.8,42.8,-0.42,148,14,False,-62,1800
1490.36,HLD,1396546,186,0,-12.02105,45.8,42.8,-0.42,148,14,False,-62,1800
1490.38,HLD,1396572,186,0,-12.02105,45.8,42.8,-0.42,148,14,False,-62,1800
1490.4,HLD,1396597,186,0,-12.02105,45.8,42.8,-0.42,148,14,False,-62,1800
1490.43,HLD,1396627,186,0,-12.02105,45.8,42.8,-0.42,148,14,False,-62,1800
1490.46,HLD,1396653,186,0,-12.02105,45.8,42.8,-0.42,148,14,False,-61,1800
1490.48,HLD,1396674,186,0,-12.02105,45.8,42.8,-0.42,148,14,False,-61,1800
1490.51,HLD,1396699,186,0,-12.02105,45.8,42.8,-0.42,148,14,False,-61,1800
1490.53,HLD,1396729,186,0,-12.02105,45.8,42.8,-0.42,148,14,False,-61,1800
1490.56,HLD,1396749,186,0,-12.02105,45.8,42.8,-0.42,148,14,False,-61,1800
1490.58,HLD,1396774,186,0,-12.02105,45.8,42.8,-0.42,148,14,False,-61,1800
1490.61,HLD,1396800,186,0,-12.02105,45.8,42.8,-0.42,148,14,False,-61,1800
1490.63,HLD,1396825,186,0,-12.02105,45.8,42.8,-0.42,148,14,False,-61,1800
1490.66,HLD,1396860,186,0,-12.02105,45.8,42.8,-0.42,148,14,False,-61,1800
1490.69,HLD,1396880,186,0,-12.02105,45.8,42.8,-0.42,148,14,False,-61,1800
1490.71,HLD,1396906,186,0,-12.02105,45.8,42.8,-0.42,148,14,False,-61,1800
1490.74,HLD,1396931,186,0,-12.02105,45.8,42.8,-0.42,148,14,False,-61,1800
1490.76,HLD,1396957,186,0,-12.02105,45.8,42.8,-0.42,148,14,False,-61,1800
1490.78,HLD,1396982,186,0,-12.02105,45.8,42.8,-0.42,148,14,False,-61,1800
1490.81,HLD,1397003,186,0,-12.02105,45.8,42.8,-0.42,148,14,False,-61,1800
1490.84,HLD,1397033,186,0,-12.02105,45.8,42.8,-0.42,148,14,False,-61,1800
1490.86,HLD,1397058,186,0,-12.02105,45.8,42.8,-0.42,148,14,False,-61,1800
1490.89,HLD,1397088,186,0,-12.02105,45.8,42.8,-0.42,148,14,False,-61,1800
1490.92,HLD,1397113,186,0,-12.02105,45.8,42.8,-0.42,148,14,False,-61,1800
1490.94,HLD,1397139,186,0,-12.02105,45.8,42.8,-0.42,148,14,False,-61,1800
1490.97,HLD,1397164,186,0,-12.02105,45.8,42.8,-0.42,148,14,False,-61,1800
1490.99,HLD,1397189,186,0,-12.02105,45.8,42.8,-0.42,148,14,False,-61,1800
1491.02,HLD,1397215,186,0,-12.02105,45.8,42.8,-0.42,148,14,False,-61,1800
1491.04,HLD,1397240,186,0,-12.02105,45.8,42.8,-0.42,148,14,False,-61,1800
1491.07,HLD,1397265,186,0,-12.02105,45.8,42.8,-0.42,148,14,False,-61,1800
1491.09,HLD,1397286,186,0,-12.02105,45.8,42.8,-0.42,148,14,False,-61,1800
1491.12,HLD,1397311,186,0,-12.02105,45.8,42.8,-0.42,148,14,False,-61,1800
1491.14,HLD,1397336,186,0,-12.02105,45.8,42.8,-0.42,148,14,False,-61,1800
1491.17,HLD,1397361,186,0,-12.02105,45.8,42.8,-0.42,148,14,False,-61,1800
1491.19,HLD,1397386,186,0,-12.02105,45.8,42.8,-0.42,148,14,False,-61,1800
1491.22,HLD,1397411,186,0,-12.02105,45.8,42.8,-0.42,148,14,False,-61,1800
1491.24,HLD,1397436,186,0,-12.02105,45.8,42.8,-0.42,148,14,False,-61,1800
1491.26,HLD,1397456,186,0,-12.02105,45.8,42.8,-0.42,148,14,False,-61,1800
1491.29,HLD,1397482,186,0,-12.02105,45.8,42.8,-0.42,148,14,False,-61,1800
1491.31,HLD,1397507,186,0,-12.02105,45.8,42.8,-0.42,148,14,False,-61,1800
1491.33,HLD,1397528,186,0,-12.02105,45.8,42.8,-0.42,148,14,False,-61,1800
1491.36,HLD,1397554,186,0,-12.02105,45.8,42.8,-0.42,148,14,False,-61,1800
1491.38,HLD,1397578,186,0,-12.02105,45.8,42.8,-0.42,148,14,False,-61,1800
1491.41,HLD,1397604,186,0,-12.02105,45.8,42.8,-0.42,148,14,False,-61,1800
1491.44,HLD,1397624,186,0,-12.02105,45.8,42.8,-0.42,148,14,False,-61,1800
1491.46,HLD,1397654,186,0,-12.02105,45.8,42.8,-0.42,148,14,False,-61,1800
1491.48,HLD,1397679,186,0,-12.02105,45.8,42.8,-0.42,148,14,False,-61,1800
1491.51,HLD,1397706,186,0,-12.02105,45.8,42.8,-0.42,148,14,False,-61,1800
1491.53,HLD,1397727,186,0,-12.02105,45.8,42.8,-0.42,148,14,False,-61,1800
1491.55,HLD,1397748,186,0,-12.02105,45.8,42.8,-0.42,148,14,False,-61,1800
1491.58,HLD,1397774,186,0,-12.02105,45.8,42.8,-0.42,148,14,False,-65,1800
1491.6,HLD,1397800,186,0,-12.02105,45.8,42.8,-0.42,148,14,False,-65,1800
1491.63,HLD,1397826,186,0,-12.02105,45.8,42.8,-0.42,148,14,False,-65,1800
1491.66,HLD,1397851,186,0,-12.02105,45.8,42.8,-0.42,148,14,False,-65,1800
1491.68,HLD,1397877,186,0,-12.02105,45.8,42.8,-0.42,148,14,False,-65,1800
1491.71,HLD,1397902,186,0,-12.02105,45.8,42.8,-0.42,148,14,False,-65,1800
1492.1,HLD,1398297,186,0,-12.02105,43.8,42.8,-0.14,148,14,False,-63,1800
1493.12,HLD,1399317,186,0,-12.02105,42.8,42.8,0,148,14,False,-62,1800
1494.15,HLD,1400342,187,0,-12.02105,42.8,42.8,0,148,14,False,-62,1800
1495.17,HLD,1401362,187,0,-12.02105,41.8,42.8,0.14,148,14,False,-62,1800
1496.19,HLD,1402387,187,0,-12.02105,41.8,42.8,0.14,148,14,False,-63,1800
1497.36,HLD,1403552,187,0,-12.02105,42.8,42.8,0,148,14,False,-63,1800
1498.24,HLD,1404433,187,0,-12.02105,42.8,42.8,0,148,14,False,-63,1800
1499.06,HLD,1405254,187,0,-12.02105,41.8,42.8,0.14,148,14,False,-61,1800
1500.09,HLD,1406279,187,0,-12.02105,41.8,42.8,0.14,148,14,False,-64,1800
1501.11,HLD,1407305,187,0,-12.02105,41.8,42.8,0.14,148,14,False,-64,1800
1502.13,HLD,1408326,187,0,-12.02105,41.8,42.8,0.14,148,14,False,-62,1800
1503.16,HLD,1409351,187,0,-12.02105,41.8,42.8,0.14,148,14,False,-64,1800
1504.18,HLD,1410372,187,0,-12.02105,41.8,42.8,0.14,148,14,False,-63,1800
1505.2,HLD,1411397,187,0,-12.02105,41.8,42.8,0.14,148,14,False,-63,1800
1506.23,HLD,1412427,187,0,-12.02105,41.8,42.8,0.14,148,14,False,-63,1800
1507.05,HLD,1413244,187,0,-12.02105,41.8,42.8,0.14,148,14,False,-62,1800
1508.07,HLD,1414265,187,0,-12.02105,41.8,42.8,0.14,148,14,False,-64,1800
1509.1,HLD,1415290,187,0,-12.02105,41.8,42.8,0.14,148,14,False,-63,1800
1510.12,HLD,1416311,187,0,-12.02105,41.8,42.8,0.14,148,14,False,-63,1800
1511.14,HLD,1417337,187,0,-12.02105,41.8,42.8,0.14,148,14,False,-62,1800
1512.17,HLD,1418362,187,0,-12.02105,41.8,42.8,0.14,148,14,False,-62,1800
1513.2,HLD,1419393,187,0,-12.02105,40.8,42.8,0.28,148,14,False,-64,1800
1514.21,HLD,1420409,188,0,-12.02105,41.8,42.8,0.14,148,14,False,-63,1800
1515.24,HLD,1421434,188,0,-12.02105,41.8,42.8,0.14,148,14,False,-61,1800
1516.06,HLD,1422254,188,0,-12.02105,41.8,42.8,0.14,148,14,False,-59,1800
1518.01,HLD,1424199,188,0,-12.02105,40.8,42.8,0.28,148,14,False,-60,1800
1518.03,HLD,1424229,188,0,-12.02105,40.8,42.8,0.28,148,14,False,-60,1800
1519.13,HLD,1425325,188,0,-12.02105,41.8,42.8,0.14,148,14,False,-60,1800
1520.15,HLD,1426350,188,0,-12.02105,41.8,42.8,0.14,148,14,False,-60,1800
1521.18,HLD,1427375,188,0,-12.02105,40.8,42.8,0.28,148,14,False,-61,1800
1522.2,HLD,1428396,188,0,-12.02105,40.8,42.8,0.28,148,14,False,-60,1800
1523.23,HLD,1429421,188,0,-12.02105,40.8,42.8,0.28,148,14,False,-60,1800
1524.05,HLD,1430241,188,0,-12.02105,41.8,42.8,0.14,148,14,False,-60,1800
1525.07,HLD,1431261,188,0,-12.02105,40.8,42.8,0.28,148,14,False,-60,1800
1526.09,HLD,1432287,188,0,-12.02105,40.8,42.8,0.28,148,14,False,-58,1800
1527.12,HLD,1433312,188,0,-12.02105,40.8,42.8,0.28,148,14,False,-64,1800
1528.14,HLD,1434337,188,0,-12.02105,40.8,42.8,0.28,148,14,False,-60,1800
1529.16,HLD,1435357,188,0,-12.02105,40.8,42.8,0.28,148,14,False,-60,1800
1530.19,HLD,1436387,188,0,-12.02105,40.8,42.8,0.28,148,14,False,-61,1800
1531.21,HLD,1437407,188,0,-12.02105,40.8,42.8,0.28,148,14,False,-61,1800
1532.24,HLD,1438432,188,0,-12.02105,40.8,42.8,0.28,148,14,False,-60,1800
1533.06,HLD,1439250,188,0,-12.02105,40.8,42.8,0.28,148,14,False,-61,1800
1534.08,HLD,1440276,189,0,-12.02105,40.8,42.8,0.28,148,14,False,-60,1800
1535.1,HLD,1441297,189,0,-12.02105,41.8,42.8,0.14,148,14,False,-62,1800
1536.25,HLD,1442424,189,0,-12.02105,41.8,42.8,0.14,148,14,False,-67,1800
1537.19,HLD,1443389,189,0,-12.02105,41.8,42.8,0.14,148,14,False,-67,1800
1538.18,HLD,1444371,189,0,-12.02105,41.8,42.8,0.14,148,14,False,-61,1800
1539.2,HLD,1445396,189,0,-12.02105,41.8,42.8,0.14,148,14,False,-61,1800
1540.23,HLD,1446422,189,0,-12.02105,40.8,42.8,0.28,148,14,False,-61,1800
1541.04,HLD,1447237,189,0,-12.02105,40.8,42.8,0.28,148,14,False,-61,1800
1542.07,HLD,1448267,189,0,-12.02105,40.8,42.8,0.28,148,14,False,-61,1800
1543.09,HLD,1449287,189,0,-12.02105,40.8,42.8,0.28,148,14,False,-61,1800
1544.12,HLD,1450317,189,0,-12.02105,41.8,42.8,0.14,148,14,False,-61,1800
1545.14,HLD,1451332,189,0,-12.02105,40.8,42.8,0.28,148,14,False,-60,1800
1546.16,HLD,1452358,189,0,-12.02105,40.8,42.8,0.28,148,14,False,-61,1800
1547.19,HLD,1453383,189,0,-12.02105,41.8,42.8,0.14,148,14,False,-62,1800
1548.21,HLD,1454409,189,0,-12.02105,40.8,42.8,0.28,148,14,False,-61,1800
1549.24,HLD,1455429,189,0,-12.02105,40.8,42.8,0.28,148,14,False,-61,1800
1550.05,HLD,1456250,189,0,-12.02105,40.8,42.8,0.28,148,14,False,-61,1800
1551.08,HLD,1457271,189,0,-12.02105,41.8,42.8,0.14,148,14,False,-61,1800
1552.1,HLD,1458296,189,0,-12.02105,40.8,42.8,0.28,148,14,False,-61,1800
1553.13,HLD,1459321,189,0,-12.02105,40.8,42.8,0.28,148,14,False,-61,1800
1554.15,HLD,1460346,190,0,-12.02105,40.8,42.8,0.28,148,14,False,-61,1800
1555.18,HLD,1461372,190,0,-12.02105,40.8,42.8,0.28,148,14,False,-61,1800
1556.2,HLD,1462392,190,0,-12.02105,40.8,42.8,0.28,148,14,False,-67,1800
1557.36,HLD,1463553,190,0,-12.02105,41.8,42.8,0.14,148,14,False,-67,1800
1558.04,HLD,1464234,190,0,-12.02105,41.8,42.8,0.14,148,14,False,-61,1800
1559.17,HLD,1465364,190,0,-12.02105,40.8,42.8,0.28,148,14,False,-60,1800
1560.19,HLD,1466385,190,0,-12.02105,40.8,42.8,0.28,148,14,False,-61,1800
1561.22,HLD,1467411,190,0,-12.02105,41.8,42.8,0.14,148,14,False,-61,1800
1562.04,HLD,1468231,190,0,-12.02105,40.8,42.8,0.28,148,14,False,-61,1800
1563.07,HLD,1469262,190,0,-12.02105,40.8,42.8,0.28,148,14,False,-61,1800
1564.09,HLD,1470279,190,0,-12.02105,40.8,42.8,0.28,148,14,False,-61,1800
1565.11,HLD,1471306,190,0,-12.02105,40.8,42.8,0.28,148,14,False,-61,1800
1566.13,HLD,1472326,190,0,-12.02105,40.8,42.8,0.28,148,14,False,-61,1800
1567.16,HLD,1473353,190,0,-12.02105,41.8,42.8,0.14,148,14,False,-61,1800
1568.18,HLD,1474373,190,0,-12.02105,40.8,42.8,0.28,148,14,False,-61,1800
1569.2,HLD,1475398,190,0,-12.02105,40.8,42.8,0.28,148,14,False,-62,1800
1570.23,HLD,1476423,190,0,-12.02105,40.8,42.8,0.28,148,14,False,-61,1800
1571.05,HLD,1477244,190,0,-12.02105,40.8,42.8,0.28,148,14,False,-62,1800
1572.07,HLD,1478264,190,0,-12.02105,40.8,42.8,0.28,148,14,False,-61,1800
1573.09,HLD,1479289,190,0,-12.02105,40.8,42.8,0.28,148,14,False,-61,1800
1574.12,HLD,1480316,191,0,-12.02105,40.8,42.8,0.28,148,14,False,-61,1800
1575.14,HLD,1481336,191,0,-12.02105,41.8,42.8,0.14,148,14,False,-61,1800
1576.06,HLD,1482257,191,0,-12.02105,42.8,42.8,0,148,14,False,-66,1800
1577.23,HLD,1483422,191,0,-12.02105,41.8,42.8,0.14,148,14,False,-66,1800
1578.12,HLD,1484312,191,0,-12.02105,41.8,42.8,0.14,148,14,False,-62,1800
1579.14,HLD,1485339,191,0,-12.02105,40.8,42.8,0.28,148,14,False,-61,1800
1580.16,HLD,1486354,191,0,-12.02105,41.8,42.8,0.14,148,14,False,-61,1800
1581.18,HLD,1487379,191,0,-12.02105,40.8,42.8,0.28,148,14,False,-61,1800
1582.21,HLD,1488404,191,0,-12.02105,40.8,42.8,0.28,148,14,False,-61,1800
1583.24,HLD,1489435,191,0,-12.02105,40.8,42.8,0.28,148,14,False,-62,1800
1584.05,HLD,1490247,191,0,-12.02105,40.8,42.8,0.28,148,14,False,-62,1800
1585.09,HLD,1491277,191,0,-12.02105,40.8,42.8,0.28,148,14,False,-62,1800
1586.11,HLD,1492297,191,0,-12.02105,40.8,42.8,0.28,148,14,False,-62,1800
1587.13,HLD,1493323,191,0,-12.02105,40.8,42.8,0.28,148,14,False,-61,1800
1588.15,HLD,1494343,191,0,-12.02105,40.8,42.8,0.28,148,14,False,-62,1800
1589.17,HLD,1495364,191,0,-12.02105,41.8,42.8,0.14,148,14,False,-63,1800
1590.2,HLD,1496389,191,0,-12.02105,40.8,42.8,0.28,148,14,False,-62,1800
1591.23,HLD,1497424,191,0,-12.02105,41.8,42.8,0.14,148,14,False,-61,1800
1592.04,HLD,1498235,191,0,-12.02105,40.8,42.8,0.28,148,14,False,-62,1800
1593.06,HLD,1499256,191,0,-12.02105,40.8,42.8,0.28,148,14,False,-61,1800
1594.09,HLD,1500283,192,0,-12.02105,40.8,42.8,0.28,148,14,False,-61,1800
1595.11,HLD,1501308,192,0,-12.02105,40.8,42.8,0.28,148,14,False,-61,1800
1596.27,HLD,1502438,192,0,-12.02105,40.8,42.8,0.28,148,14,False,-65,1800
1597.3,HLD,1503493,192,0,-12.02105,41.8,42.8,0.14,148,14,False,-66,1800
1598.18,HLD,1504378,192,0,-12.02105,41.8,42.8,0.14,148,14,False,-61,1800
1599.11,HLD,1505298,192,0,-12.02105,40.8,42.8,0.28,148,14,False,-60,1800
1600.13,HLD,1506323,192,0,-12.02105,40.8,42.8,0.28,148,14,False,-59,1800
1601.16,HLD,1507350,192,0,-12.02105,40.8,42.8,0.28,148,14,False,-59,1800
1602.18,HLD,1508370,192,0,-12.02105,40.8,42.8,0.28,148,14,False,-59,1800
1603.2,HLD,1509395,192,0,-12.02105,40.8,42.8,0.28,148,14,False,-59,1800
1604.23,HLD,1510420,192,0,-12.02105,40.8,42.8,0.28,148,14,False,-60,1800
1605.04,HLD,1511240,192,0,-12.02105,40.8,42.8,0.28,148,14,False,-59,1800
1606.08,HLD,1512271,192,0,-12.02105,41.8,42.8,0.14,148,14,False,-59,1800
1607.09,HLD,1513287,192,0,-12.02105,40.8,42.8,0.28,148,14,False,-58,1800
1608.12,HLD,1514312,192,0,-12.02105,40.8,42.8,0.28,148,14,False,-59,1800
1609.14,HLD,1515332,192,0,-12.02105,40.8,42.8,0.28,148,14,False,-58,1800
1610.16,HLD,1516357,192,0,-12.02105,40.8,42.8,0.28,148,14,False,-58,1800
1611.2,HLD,1517392,192,0,-12.02105,40.8,42.8,0.28,148,14,False,-59,1800
1612.21,HLD,1518407,192,0,-12.02105,41.8,42.8,0.14,148,14,False,-58,1800
1613.24,HLD,1519432,192,0,-12.02105,40.8,42.8,0.28,148,14,False,-58,1800
1614.06,HLD,1520248,193,0,-12.02105,40.8,42.8,0.28,148,14,False,-58,1800
1615.08,HLD,1521273,193,0,-12.02105,40.8,42.8,0.28,148,14,False,-58,1800
1616.1,HLD,1522293,193,0,-12.02105,40.8,42.8,0.28,148,14,False,-58,1800
1617.16,HLD,1523358,193,0,-12.02105,40.8,42.8,0.28,148,14,False,-58,1800
1618.05,HLD,1524244,193,0,-12.02105,40.8,42.8,0.28,148,14,False,-59,1800
1619.08,HLD,1525270,193,0,-12.02105,41.8,42.8,0.14,148,14,False,-58,1800
1620.1,HLD,1526290,193,0,-12.02105,40.8,42.8,0.28,148,14,False,-58,1800
1621.12,HLD,1527315,193,0,-12.02105,40.8,42.8,0.28,148,14,False,-59,1800
1622.14,HLD,1528340,193,0,-12.02105,40.8,42.8,0.28,148,14,False,-58,1800
1623.17,HLD,1529365,193,0,-12.02105,41.8,42.8,0.14,148,14,False,-59,1800
1624.2,HLD,1530386,193,0,-12.02105,40.8,42.8,0.28,148,14,False,-59,1800
1625.22,HLD,1531411,193,0,-12.02105,41.8,42.8,0.14,148,14,False,-58,1800
1626.24,HLD,1532437,193,0,-12.02105,40.8,42.8,0.28,148,14,False,-58,1800
1627.06,HLD,1533258,193,0,-12.02105,40.8,42.8,0.28,148,14,False,-60,1800
1628.08,HLD,1534278,193,0,-12.02105,40.8,42.8,0.28,148,14,False,-59,1800
1629.12,HLD,1535308,193,0,-12.02105,40.8,42.8,0.28,148,14,False,-58,1800
1630.14,HLD,1536329,193,0,-12.02105,40.8,42.8,0.28,148,14,False,-58,1800
1631.16,HLD,1537349,193,0,-12.02105,40.8,42.8,0.28,148,14,False,-59,1800
1632.18,HLD,1538375,193,0,-12.02105,40.8,42.8,0.28,148,14,False,-59,1800
1633.2,HLD,1539400,193,0,-12.02105,40.8,42.8,0.28,148,14,False,-59,1800
1634.23,HLD,1540420,194,0,-12.02105,40.8,42.8,0.28,148,14,False,-58,1800
1635.05,HLD,1541240,194,0,-12.02105,40.8,42.8,0.28,148,14,False,-58,1800
1636.07,HLD,1542265,194,0,-12.02105,40.8,42.8,0.28,148,14,False,-58,1800
1637.24,HLD,1543426,194,0,-12.02105,40.8,42.8,0.28,148,14,False,-57,1800
1638.12,HLD,1544313,194,0,-12.02105,41.8,42.8,0.14,148,14,False,-58,1800
1639.15,HLD,1545343,194,0,-12.02105,40.8,42.8,0.28,148,14,False,-58,1800
1640.17,HLD,1546365,194,0,-12.02105,40.8,42.8,0.28,148,14,False,-58,1800
1641.19,HLD,1547386,194,0,-12.02105,40.8,42.8,0.28,148,14,False,-58,1800
1642.22,HLD,1548408,194,0,-12.02105,40.8,42.8,0.28,148,14,False,-58,1800
1643.25,HLD,1549438,194,0,-12.02105,40.8,42.8,0.28,148,14,False,-58,1800
1644.06,HLD,1550253,194,0,-12.02105,40.8,42.8,0.28,148,14,False,-58,1800
1645.08,HLD,1551278,194,0,-12.02105,41.8,42.8,0.14,148,14,False,-58,1800
1646.11,HLD,1552299,194,0,-12.02105,40.8,42.8,0.28,148,14,False,-58,1800
1647.13,HLD,1553325,194,0,-12.02105,40.8,42.8,0.28,148,14,False,-57,1800
1648.15,HLD,1554350,194,0,-12.02105,41.8,42.8,0.14,148,14,False,-57,1800
1649.18,HLD,1555371,194,0,-12.02105,40.8,42.8,0.28,148,14,False,-57,1800
1650.2,HLD,1556397,194,0,-12.02105,40.8,42.8,0.28,148,14,False,-61,1800
1651.23,HLD,1557422,194,0,-12.02105,40.8,42.8,0.28,148,14,False,-58,1800
1652.05,HLD,1558238,194,0,-12.02105,40.8,42.8,0.28,148,14,False,-58,1800
1653.07,HLD,1559268,194,0,-12.02105,41.8,42.8,0.14,148,14,False,-58,1800
1654.09,HLD,1560289,195,0,-12.02105,41.8,42.8,0.14,148,14,False,-58,1800
1655.12,HLD,1561310,195,0,-12.02105,40.8,42.8,0.28,148,14,False,-58,1800
1656.18,HLD,1562376,195,0,-12.02105,40.8,42.8,0.28,148,14,False,-60,1800
1657.1,HLD,1563297,195,0,-12.02105,42.8,42.8,0,148,14,False,-60,1800
1658.19,HLD,1564383,195,0,-12.02105,41.8,42.8,0.14,148,14,False,-58,1800
1659.22,HLD,1565413,195,0,-12.02105,41.8,42.8,0.14,148,14,False,-57,1800
1660.24,HLD,1566433,195,0,-12.02105,41.8,42.8,0.14,148,14,False,-58,1800
1661.06,HLD,1567253,195,0,-12.02105,40.8,42.8,0.28,148,14,False,-58,1800
1662.08,HLD,1568273,195,0,-12.02105,41.8,42.8,0.14,148,14,False,-58,1800
1663.11,HLD,1569309,195,0,-12.02105,40.8,42.8,0.28,148,14,False,-58,1800
1664.13,HLD,1570325,195,0,-12.02105,40.8,42.8,0.28,148,14,False,-58,1800
1665.16,HLD,1571350,195,0,-12.02105,41.8,42.8,0.14,148,14,False,-58,1800
1666.18,HLD,1572370,195,0,-12.02105,40.8,42.8,0.28,148,14,False,-58,1800
1667.2,HLD,1573395,195,0,-12.02105,40.8,42.8,0.28,148,14,False,-58,1800
1668.23,HLD,1574425,195,0,-12.02105,41.8,42.8,0.14,148,14,False,-58,1800
1669.04,HLD,1575240,195,0,-12.02105,40.8,42.8,0.28,148,14,False,-58,1800
1670.07,HLD,1576265,195,0,-12.02105,40.8,42.8,0.28,148,14,False,-58,1800
1671.09,HLD,1577286,195,0,-12.02105,40.8,42.8,0.28,148,14,False,-58,1800
1672.12,HLD,1578316,195,0,-12.02105,40.8,42.8,0.28,148,14,False,-58,1800
1673.15,HLD,1579341,195,0,-12.02105,40.8,42.8,0.28,148,14,False,-58,1800
1674.17,HLD,1580361,196,0,-12.02105,40.8,42.8,0.28,148,14,False,-58,1800
1675.19,HLD,1581381,196,0,-12.02105,40.8,42.8,0.28,148,14,False,-58,1800
1676.12,HLD,1582306,196,0,-12.02105,41.8,42.8,0.14,148,14,False,-61,1800
1677.28,HLD,1583471,196,0,-12.02105,41.8,42.8,0.14,148,14,False,-59,1800
1678.06,HLD,1584257,196,0,-12.02105,41.8,42.8,0.14,148,14,False,-65,1800
1679.09,HLD,1585277,196,0,-12.02105,41.8,42.8,0.14,148,14,False,-63,1800
1680.11,HLD,1586302,196,0,-12.02105,40.8,42.8,0.28,148,14,False,-62,1800
1681.13,HLD,1587327,196,0,-12.02105,40.8,42.8,0.28,148,14,False,-68,1800
1682.16,HLD,1588357,196,0,-12.02105,40.8,42.8,0.28,148,14,False,-66,1800
1683.18,HLD,1589368,196,0,-12.02105,40.8,42.8,0.28,148,14,False,-64,1800
1684.21,HLD,1590399,196,0,-12.02105,40.8,42.8,0.28,148,14,False,-64,1800
1685.23,HLD,1591425,196,0,-12.02105,40.8,42.8,0.28,148,14,False,-57,1800
1686.05,HLD,1592240,196,0,-12.02105,41.8,42.8,0.14,148,14,False,-67,1800
1687.08,HLD,1593271,196,0,-12.02105,40.8,42.8,0.28,148,14,False,-65,1800
1688.1,HLD,1594291,196,0,-12.02105,40.8,42.8,0.28,148,14,False,-74,1800
1689.12,HLD,1595311,196,0,-12.02105,40.8,42.8,0.28,148,14,False,-72,1800
1690.15,HLD,1596338,196,0,-12.02105,40.8,42.8,0.28,148,14,False,-63,1800
1691.17,HLD,1597364,196,0,-12.02105,40.8,42.8,0.28,148,14,False,-66,1800
1692.2,HLD,1598389,196,0,-12.02105,40.8,42.8,0.28,148,14,False,-65,1800
1693.22,HLD,1599409,196,0,-12.02105,40.8,42.8,0.28,148,14,False,-65,1800
1694.24,HLD,1600430,197,0,-12.02105,40.8,42.8,0.28,148,14,False,-61,1800
1695.06,HLD,1601251,197,0,-12.02105,40.8,42.8,0.28,148,14,False,-64,1800
1696.08,HLD,1602278,197,0,-12.02105,40.8,42.8,0.28,148,14,False,-65,1800
1697.24,HLD,1603434,197,0,-12.02105,40.8,42.8,0.28,148,14,False,-62,1800
1698.13,HLD,1604324,197,0,-12.02105,40.8,42.8,0.28,148,14,False,-70,1800
1699.16,HLD,1605349,197,0,-12.02105,40.8,42.8,0.28,148,14,False,-70,1800
1700.18,HLD,1606375,197,0,-12.02105,40.8,42.8,0.28,148,14,False,-67,1800
1701.2,HLD,1607398,197,0,-12.02105,41.8,42.8,0.14,148,14,False,-58,1800
1702.23,HLD,1608428,197,0,-12.02105,40.8,42.8,0.28,148,14,False,-71,1800
1703.05,HLD,1609240,197,0,-12.02105,41.8,42.8,0.14,148,14,False,-65,1800
1704.07,HLD,1610266,197,0,-12.02105,41.8,42.8,0.14,148,14,False,-66,1800
1705.1,HLD,1611287,197,0,-12.02105,40.8,42.8,0.28,148,14,False,-68,1800
1706.12,HLD,1612312,197,0,-12.02105,40.8,42.8,0.28,148,14,False,-65,1800
1707.14,HLD,1613334,197,0,-12.02105,41.8,42.8,0.14,148,14,False,-66,1800
1708.16,HLD,1614354,197,0,-12.02105,40.8,42.8,0.28,148,14,False,-70,1800
1709.19,HLD,1615384,197,0,-12.02105,40.8,42.8,0.28,148,14,False,-65,1800
1710.22,HLD,1616410,197,0,-12.02105,41.8,42.8,0.14,148,14,False,-68,1800
1711.24,HLD,1617435,197,0,-12.02105,41.8,42.8,0.14,148,14,False,-61,1800
1712.06,HLD,1618250,197,0,-12.02105,41.8,42.8,0.14,148,14,False,-73,1800
1713.08,HLD,1619270,197,0,-12.02105,40.8,42.8,0.28,148,14,False,-69,1800
1714.11,HLD,1620298,198,0,-12.02105,40.8,42.8,0.28,148,14,False,-69,1800
1715.14,HLD,1621328,198,0,-12.02105,40.8,42.8,0.28,148,14,False,-69,1800
1716.18,HLD,1622344,198,0,-12.02105,40.8,42.8,0.28,148,14,False,-71,1800
1717.12,HLD,1623315,198,0,-12.02105,42.8,42.8,0,148,14,False,-72,1800
1718.21,HLD,1624396,198,0,-12.02105,41.8,42.8,0.14,148,14,False,-69,1800
1719.23,HLD,1625421,198,0,-12.02105,40.8,42.8,0.28,148,14,False,-69,1800
1720.06,HLD,1626247,198,0,-12.02105,42.8,42.8,0,148,14,False,-68,1800
1721.07,HLD,1627259,198,0,-12.02105,41.8,42.8,0.14,148,14,False,-68,1800
1722.09,HLD,1628284,198,0,-12.02105,40.8,42.8,0.28,148,14,False,-68,1800
1723.12,HLD,1629314,198,0,-12.02105,40.8,42.8,0.28,148,14,False,-68,1800
1724.15,HLD,1630342,198,0,-12.02105,40.8,42.8,0.28,148,14,False,-71,1800
1725.16,HLD,1631358,198,0,-12.02105,40.8,42.8,0.28,148,14,False,-66,1800
1726.19,HLD,1632384,198,0,-12.02105,40.8,42.8,0.28,148,14,False,-75,1800
1727.21,HLD,1633401,198,0,-12.02105,40.8,42.8,0.28,148,14,False,-68,1800
1728.24,HLD,1634426,198,0,-12.02105,40.8,42.8,0.28,148,14,False,-69,1800
1729.06,HLD,1635251,198,0,-12.02105,40.8,42.8,0.28,148,14,False,-70,1800
1730.08,HLD,1636276,198,0,-12.02105,41.8,42.8,0.14,148,14,False,-68,1800
1731.12,HLD,1637306,198,0,-12.02105,41.8,42.8,0.14,148,14,False,-68,1800
1732.13,HLD,1638317,198,0,-12.02105,40.8,42.8,0.28,148,14,False,-69,1800
1733.15,HLD,1639347,198,0,-12.02105,40.8,42.8,0.28,148,14,False,-69,1800
1734.18,HLD,1640372,199,0,-12.02105,40.8,42.8,0.28,148,14,False,-79,1800
1735.2,HLD,1641388,199,0,-12.02105,40.8,42.8,0.28,148,14,False,-69,1800
1736.12,HLD,1642313,199,0,-12.02105,42.8,42.8,0,148,14,False,-62,1800
1737.05,HLD,1643239,199,0,-12.02105,42.8,42.8,0,148,14,False,-61,1800
1738.07,HLD,1644260,199,0,-12.02105,42.8,42.8,0,148,14,False,-68,1800
1739.19,HLD,1645382,199,0,-12.02105,40.8,42.8,0.28,148,14,False,-72,1800
1740.22,HLD,1646408,199,0,-12.02105,40.8,42.8,0.28,148,14,False,-66,1800
1741.25,HLD,1647438,199,0,-12.02105,40.8,42.8,0.28,148,14,False,-69,1800
1742.06,HLD,1648250,199,0,-12.02105,40.8,42.8,0.28,148,14,False,-67,1800
1743.09,HLD,1649281,199,0,-12.02105,41.8,42.8,0.14,148,14,False,-55,1800
1744.11,HLD,1650297,199,0,-12.02105,41.8,42.8,0.14,148,14,False,-61,1800
1745.13,HLD,1651328,199,0,-12.02105,40.8,42.8,0.28,148,14,False,-50,1800
1746.16,HLD,1652349,199,0,-12.02105,40.8,42.8,0.28,148,14,False,-51,1800
1747.2,HLD,1653381,199,0,-12.02105,40.8,42.8,0.28,148,14,False,-52,1800
1748.21,HLD,1654401,199,0,-12.02105,40.8,42.8,0.28,148,14,False,-52,1800
1749.23,HLD,1655422,199,0,-12.02105,40.8,42.8,0.28,148,14,False,-53,1800
1750.05,HLD,1656243,199,0,-12.02105,40.8,42.8,0.28,148,14,False,-51,1800
1751.07,HLD,1657268,199,0,-12.02105,42.8,42.8,0,148,14,False,-69,1800
1752.1,HLD,1658296,199,0,-12.02105,41.8,42.8,0.14,148,14,False,-70,1800
1753.12,HLD,1659311,199,0,-12.02105,41.8,42.8,0.14,148,14,False,-70,1800
1754.14,HLD,1660332,200,0,-12.02105,40.8,42.8,0.28,148,14,False,-74,1800
1755.17,HLD,1661357,200,0,-12.02105,40.8,42.8,0.28,148,14,False,-61,1800
1756.29,HLD,1662482,200,0,-12.02105,40.8,42.8,0.28,148,14,False,-54,1800
1757.25,HLD,1663442,200,0,-12.02105,41.8,42.8,0.14,148,14,False,-53,1800
1758.24,HLD,1664433,200,0,-12.02105,40.8,42.8,0.28,148,14,False,-65,1800
1759.06,HLD,1665249,200,0,-12.02105,40.8,42.8,0.28,148,14,False,-63,1800
1760.08,HLD,1666274,200,0,-12.02105,42.8,42.8,0,148,14,False,-51,1800
1761.11,HLD,1667300,200,0,-12.02105,41.8,42.8,0.14,148,14,False,-49,1800
1762.13,HLD,1668321,200,0,-12.02105,40.8,42.8,0.28,148,14,False,-51,1800
1763.16,HLD,1669351,200,0,-12.02105,40.8,42.8,0.28,148,14,False,-45,1800
1764.18,HLD,1670372,200,0,-12.02105,40.8,42.8,0.28,148,14,False,-52,1800
1765.2,HLD,1671392,200,0,-12.02105,40.8,42.8,0.28,148,14,False,-50,1800
1766.23,HLD,1672417,200,0,-12.02105,40.8,42.8,0.28,148,14,False,-55,1800
1767.04,HLD,1673237,200,0,-12.02105,40.8,42.8,0.28,148,14,False,-56,1800
1768.07,HLD,1674258,200,0,-12.02105,42.8,42.8,0,148,14,False,-54,1800
1769.09,HLD,1675283,200,0,-12.02105,41.8,42.8,0.14,148,14,False,-48,1800
1770.12,HLD,1676309,200,0,-12.02105,40.8,42.8,0.28,148,14,False,-59,1800
1771.14,HLD,1677335,200,0,-12.02105,40.8,42.8,0.28,148,14,False,-52,1800
1772.16,HLD,1678356,200,0,-12.02105,40.8,42.8,0.28,148,14,False,-53,1800
1773.18,HLD,1679376,200,0,-12.02105,40.8,42.8,0.28,148,14,False,-52,1800
1774.21,HLD,1680402,201,0,-12.02105,40.8,42.8,0.28,148,14,False,-53,1800
1775.24,HLD,1681427,201,0,-12.02105,40.8,42.8,0.28,148,14,False,-54,1800
1776.16,HLD,1682353,201,0,-12.02105,42.8,42.8,0,148,14,False,-52,1800
1777.13,HLD,1683323,201,0,-12.02105,42.8,42.8,0,148,14,False,-57,1800
1778.21,HLD,1684398,201,0,-12.02105,40.8,42.8,0.28,148,14,False,-51,1800
1779.13,HLD,1685324,201,0,-12.02105,40.8,42.8,0.28,148,14,False,-61,1800
1780.15,HLD,1686345,201,0,-12.02105,41.8,42.8,0.14,148,14,False,-51,1800
1781.18,HLD,1687366,201,0,-12.02105,41.8,42.8,0.14,148,14,False,-46,1800
1782.2,HLD,1688396,201,0,-12.02105,40.8,42.8,0.28,148,14,False,-45,1800
1783.23,HLD,1689427,201,0,-12.02105,40.8,42.8,0.28,148,14,False,-47,1800
1784.04,HLD,1690238,201,0,-12.02105,40.8,42.8,0.28,148,14,False,-44,1800
1785.07,HLD,1691258,201,0,-12.02105,42.8,42.8,0,148,14,False,-50,1800
1786.09,HLD,1692283,201,0,-12.02105,42.8,42.8,0,148,14,False,-58,1800
1787.11,HLD,1693306,201,0,-12.02105,41.8,42.8,0.14,148,14,False,-52,1800
1788.14,HLD,1694331,201,0,-12.02105,40.8,42.8,0.28,148,14,False,-57,1800
1789.16,HLD,1695356,201,0,-12.02105,40.8,42.8,0.28,148,14,False,-55,1800
1790.19,HLD,1696382,201,0,-12.02105,40.8,42.8,0.28,148,14,False,-51,1800
1791.21,HLD,1697402,201,0,-12.02105,40.8,42.8,0.28,148,14,False,-66,1800
1792.23,HLD,1698427,201,0,-12.02105,40.8,42.8,0.28,148,14,False,-52,1800
1793.06,HLD,1699247,201,0,-12.02105,40.8,42.8,0.28,148,14,False,-56,1800
1794.08,HLD,1700268,202,0,-12.02105,42.8,42.8,0,148,14,False,-52,1800
1795.92,HLD,1702111,202,0,-12.02105,41.8,42.8,0.14,148,14,False,-60,1800
1796.12,HLD,1702311,202,0,-12.02105,41.8,42.8,0.14,148,14,False,-72,1800
1797.17,HLD,1703361,202,0,-12.02105,41.8,42.8,0.14,148,14,False,-58,1800
1798.17,HLD,1704367,202,0,-12.02105,40.8,42.8,0.28,148,14,False,-58,1800
1799.02,HLD,1705214,202,0,-12.02105,40.8,42.8,0.28,148,14,False,-57,1800
1800.23,HLD,1706414,202,0,-12.02105,40.8,42.8,0.28,148,14,False,-58,1800
1801.04,HLD,1707236,202,0,-12.02105,40.8,42.8,0.28,148,14,False,-56,1800
1802.07,HLD,1708256,202,0,-12.02105,42.8,42.8,0,148,14,False,-55,1800
1803.09,HLD,1709282,202,0,-12.02105,42.8,42.8,0,148,14,False,-59,1800
1804.11,HLD,1710304,202,0,-12.02105,42.8,42.8,0,148,14,False,-59,1800
1805.14,HLD,1711330,202,0,-12.02105,40.8,42.8,0.28,148,14,False,-58,1800
1806.16,HLD,1712351,202,0,-12.02105,40.8,42.8,0.28,148,14,False,-58,1800
1807.18,HLD,1713377,202,0,-12.02105,40.8,42.8,0.28,148,14,False,-58,1800
1808.21,HLD,1714402,202,0,-12.02105,40.8,42.8,0.28,148,14,False,-58,1800
1809.23,HLD,1715423,202,0,-12.02105,40.8,42.8,0.28,148,14,False,-59,1800
1810.05,HLD,1716248,202,0,-12.02105,40.8,42.8,0.28,148,14,False,-58,1800
1811.08,HLD,1717268,202,0,-12.02105,42.8,42.8,0,148,14,False,-59,1800
1812.1,HLD,1718293,202,0,-12.02105,42.8,42.8,0,148,14,False,-59,1800
1813.13,HLD,1719315,202,0,-12.02105,41.8,42.8,0.14,148,14,False,-59,1800
1814.15,HLD,1720340,203,0,-12.02105,40.8,42.8,0.28,148,14,False,-58,1800
1815.17,HLD,1721363,203,0,-12.02105,41.8,42.8,0.14,148,14,False,-58,1800
1816.19,HLD,1722383,203,0,-12.02105,41.8,42.8,0.14,148,14,False,-58,1800
1817.22,HLD,1723414,203,0,-12.02105,40.8,42.8,0.28,148,14,False,-58,1800
1818.04,HLD,1724229,203,0,-12.02105,40.8,42.8,0.28,148,14,False,-58,1800
1819.06,HLD,1725254,203,0,-12.02105,41.8,42.8,0.14,148,14,False,-58,1800
1820.08,HLD,1726273,203,0,-12.02105,42.8,42.8,0,148,14,False,-58,1800
1821.11,HLD,1727304,203,0,-12.02105,42.8,42.8,0,148,14,False,-58,1800
1822.14,HLD,1728329,203,0,-12.02105,41.8,42.8,0.14,148,14,False,-54,1800
1823.16,HLD,1729351,203,0,-12.02105,41.8,42.8,0.14,148,14,False,-56,1800
1824.18,HLD,1730371,203,0,-12.02105,40.8,42.8,0.28,148,14,False,-55,1800
1825.21,HLD,1731398,203,0,-12.02105,40.8,42.8,0.28,148,14,False,-56,1800
1826.23,HLD,1732423,203,0,-12.02105,40.8,42.8,0.28,148,14,False,-55,1800
1827.05,HLD,1733243,203,0,-12.02105,40.8,42.8,0.28,148,14,False,-53,1800
1828.08,HLD,1734269,203,0,-12.02105,41.8,42.8,0.14,148,14,False,-54,1800
1829.1,HLD,1735290,203,0,-12.02105,42.8,42.8,0,148,14,False,-54,1800
1830.12,HLD,1736315,203,0,-12.02105,42.8,42.8,0,148,14,False,-54,1800
1831.14,HLD,1737332,203,0,-12.02105,41.8,42.8,0.14,148,14,False,-50,1800
1832.17,HLD,1738357,203,0,-12.02105,41.8,42.8,0.14,148,14,False,-54,1800
1833.02,HLD,1739217,203,0,-12.02105,41.8,42.8,0.14,148,14,False,-55,1800
1834.21,HLD,1740408,204,0,-12.02105,40.8,42.8,0.28,148,14,False,-59,1800
1835.04,HLD,1741229,204,0,-12.02105,40.8,42.8,0.28,148,14,False,-59,1800
1836.06,HLD,1742254,204,0,-12.02105,41.8,42.8,0.14,148,14,False,-59,1800
1837.08,HLD,1743279,204,0,-12.02105,41.8,42.8,0.14,148,14,False,-58,1800
1838.11,HLD,1744299,204,0,-12.02105,42.8,42.8,0,148,14,False,-58,1800
1839.14,HLD,1745329,204,0,-12.02105,41.8,42.8,0.14,148,14,False,-60,1800
1840.16,HLD,1746349,204,0,-12.02105,40.8,42.8,0.28,148,14,False,-59,1800
1841.18,HLD,1747374,204,0,-12.02105,40.8,42.8,0.28,148,14,False,-59,1800
1842.21,HLD,1748399,204,0,-12.02105,41.8,42.8,0.14,148,14,False,-59,1800
1843.23,HLD,1749419,204,0,-12.02105,40.8,42.8,0.28,148,14,False,-60,1800
1844.05,HLD,1750239,204,0,-12.02105,40.8,42.8,0.28,148,14,False,-58,1800
1845.08,HLD,1751264,204,0,-12.02105,41.8,42.8,0.14,148,14,False,-55,1800
1846.1,HLD,1752284,204,0,-12.02105,42.8,42.8,0,148,14,False,-59,1800
1847.12,HLD,1753314,204,0,-12.02105,42.8,42.8,0,148,14,False,-59,1800
1848.14,HLD,1754335,204,0,-12.02105,41.8,42.8,0.14,148,14,False,-54,1800
1849.17,HLD,1755360,204,0,-12.02105,40.8,42.8,0.28,148,14,False,-54,1800
1850.2,HLD,1756385,204,0,-12.02105,40.8,42.8,0.28,148,14,False,-58,1800
1851.22,HLD,1757410,204,0,-12.02105,40.8,42.8,0.28,148,14,False,-56,1800
1852.04,HLD,1758231,204,0,-12.02105,40.8,42.8,0.28,148,14,False,-58,1800
1853.06,HLD,1759251,204,0,-12.02105,41.8,42.8,0.14,148,14,False,-54,1800
1854.08,HLD,1760277,205,0,-12.02105,41.8,42.8,0.14,148,14,False,-57,1800
1855.11,HLD,1761299,205,0,-12.02105,42.8,42.8,0,148,14,False,-57,1800
1856.13,HLD,1762324,205,0,-12.02105,42.8,42.8,0,148,14,False,-57,1800
1857.15,HLD,1763345,205,0,-12.02105,41.8,42.8,0.14,148,14,False,-56,1800
1858.18,HLD,1764371,205,0,-12.02105,40.8,42.8,0.28,148,14,False,-56,1800
1859.2,HLD,1765396,205,0,-12.02105,40.8,42.8,0.28,148,14,False,-56,1800
1860.23,HLD,1766421,205,0,-12.02105,40.8,42.8,0.28,148,14,False,-57,1800
1865.15,HLD,1771333,205,0,-12.02105,40.8,42.8,0.28,148,14,False,-56,1800
1865.17,HLD,1771368,205,0,-12.02105,41.8,42.8,0.14,148,14,False,-56,1800
1865.2,HLD,1771388,205,0,-12.02105,41.8,42.8,0.14,148,14,False,-56,1800
1865.22,HLD,1771413,205,0,-12.02105,41.8,42.8,0.14,148,14,False,-56,1800
1866.17,HLD,1772358,205,0,-12.02105,40.8,42.8,0.28,148,14,False,-56,1800
1867.19,HLD,1773384,205,0,-12.02105,40.8,42.8,0.28,148,14,False,-56,1800
1868.22,HLD,1774404,205,0,-12.02105,40.8,42.8,0.28,148,14,False,-56,1800
1869.23,HLD,1775424,205,0,-12.02105,41.8,42.8,0.14,148,14,False,-57,1800
1870.06,HLD,1776250,205,0,-12.02105,41.8,42.8,0.14,148,14,False,-56,1800
1871.08,HLD,1777275,205,0,-12.02105,41.8,42.8,0.14,148,14,False,-56,1800
1872.11,HLD,1778296,205,0,-12.02105,42.8,42.8,0,148,14,False,-56,1800
1873.13,HLD,1779321,205,0,-12.02105,42.8,42.8,0,148,14,False,-56,1800
1874.15,HLD,1780346,206,0,-12.02105,41.8,42.8,0.14,148,14,False,-57,1800
1875.18,HLD,1781371,206,0,-12.02105,40.8,42.8,0.28,148,14,False,-56,1800
1876.2,HLD,1782392,206,0,-12.02105,40.8,42.8,0.28,148,14,False,-56,1800
1877.22,HLD,1783412,206,0,-12.02105,40.8,42.8,0.28,148,14,False,-57,1800
1878.04,HLD,1784232,206,0,-12.02105,40.8,42.8,0.28,148,14,False,-57,1800
1879.07,HLD,1785262,206,0,-12.02105,41.8,42.8,0.14,148,14,False,-57,1800
1880.1,HLD,1786283,206,0,-12.02105,42.8,42.8,0,148,14,False,-56,1800
1881.12,HLD,1787313,206,0,-12.02105,42.8,42.8,0,148,14,False,-56,1800
1882.14,HLD,1788333,206,0,-12.02105,41.8,42.8,0.14,148,14,False,-55,1800
1883.17,HLD,1789360,206,0,-12.02105,41.8,42.8,0.14,148,14,False,-56,1800
1884.19,HLD,1790385,206,0,-12.02105,41.8,42.8,0.14,148,14,False,-57,1800
1885.22,HLD,1791405,206,0,-12.02105,40.8,42.8,0.28,148,14,False,-57,1800
1886.24,HLD,1792430,206,0,-12.02105,40.8,42.8,0.28,148,14,False,-57,1800
1887.06,HLD,1793251,206,0,-12.02105,40.8,42.8,0.28,148,14,False,-57,1800
1888.08,HLD,1794272,206,0,-12.02105,41.8,42.8,0.14,148,14,False,-57,1800
1889.1,HLD,1795297,206,0,-12.02105,41.8,42.8,0.14,148,14,False,-58,1800
1890.13,HLD,1796323,206,0,-12.02105,42.8,42.8,0,148,14,False,-60,1800
1891.15,HLD,1797345,206,0,-12.02105,41.8,42.8,0.14,148,14,False,-57,1800
1892.18,HLD,1798366,206,0,-12.02105,41.8,42.8,0.14,148,14,False,-58,1800
1893.2,HLD,1799391,206,0,-12.02105,40.8,42.8,0.28,148,14,False,-57,1800
1894.23,UNS,0,4294967295,0,-12.02105,40.8,42.8,0.28,148,14,False,-57,1800
1895.04,UNS,0,4294967295,0,-12.02105,40.8,42.8,0.28,148,14,False,-58,1800
1896.2,UNS,0,4294967295,0,-12.02105,42.8,42.8,0,148,14,False,-49,1800
1897.19,UNS,0,4294967295,0,-12.02105,42.8,42.8,0,148,14,False,-49,1800
1898.12,UNS,0,4294967295,0,-12.02105,42.8,42.8,0,148,14,False,-58,1800
1899.04,UNS,0,4294967295,0,-12.02105,42.8,42.8,0,148,14,False,-57,1800
1900.06,UNS,0,4294967295,0,-12.02105,41.8,42.8,0.14,148,14,False,-58,1800
1901.09,UNS,0,4294967295,0,-12.02105,40.8,42.8,0.28,148,14,False,-57,1800
1902.11,UNS,0,4294967295,0,-12.02105,41.8,42.8,0.14,148,14,False,-59,1800
1903.14,UNS,0,4294967295,0,-12.02105,42.8,42.8,0,148,14,False,-58,1800
1904.16,UNS,0,4294967295,0,-12.02105,42.8,42.8,0,148,14,False,-58,1800
1905.19,UNS,0,4294967295,0,-12.02105,41.8,42.8,0.14,148,14,False,-57,1800
1906.21,UNS,0,4294967295,0,-12.02105,40.8,42.8,0.28,148,14,False,-57,1800
1907.23,UNS,0,4294967295,0,-12.02105,40.8,42.8,0.28,148,14,False,-59,1800
1908.05,UNS,0,4294967295,0,-12.02105,40.8,42.8,0.28,148,14,False,-59,1800
1909.08,UNS,0,4294967295,0,-12.02105,41.8,42.8,0.14,148,14,False,-58,1800
1910.1,UNS,0,4294967295,0,-12.02105,41.8,42.8,0.14,148,14,False,-57,1800
1911.12,UNS,0,4294967295,0,-12.02105,42.8,42.8,0,148,14,False,-58,1800
1912.15,UNS,0,4294967295,0,-12.02105,42.8,42.8,0,148,14,False,-58,1800
1913.17,UNS,0,4294967295,0,-12.02105,41.8,42.8,0.14,148,14,False,-57,1800
1914.19,UNS,0,4294967295,0,-12.02105,40.8,42.8,0.28,148,14,False,-56,1800
1915.23,UNS,0,4294967295,0,-12.02105,40.8,42.8,0.28,148,14,False,-57,1800
1916.04,UNS,0,4294967295,0,-12.02105,40.8,42.8,0.28,148,14,False,-57,1800
1917.06,UNS,0,4294967295,0,-12.02105,41.8,42.8,0.14,148,14,False,-50,1800
1918.09,UNS,0,4294967295,0,-12.02105,40.8,42.8,0.28,148,14,False,-61,1800
1919.11,UNS,0,4294967295,0,-12.02105,41.8,42.8,0.14,148,14,False,-59,1800
1920.13,UNS,0,4294967295,0,-12.02105,42.8,42.8,0,148,14,False,-58,1800
1921.16,UNS,0,4294967295,0,-12.02105,42.8,42.8,0,148,14,False,-55,1800
1922.18,UNS,0,4294967295,0,-12.02105,41.8,42.8,0.14,148,14,False,-54,1800
1923.21,UNS,0,4294967295,0,-12.02105,40.8,42.8,0.28,148,14,False,-56,1800
1924.23,UNS,0,4294967295,0,-12.02105,40.8,42.8,0.28,155,14,False,-54,1800
1925.05,UNS,0,4294967295,0,-12.02105,40.8,42.8,0.28,155,0,False,-60,1800
1926.08,UNS,0,4294967295,0,-12.02105,40.8,42.8,0.28,155,0,False,-61,1800
1927.1,UNS,0,4294967295,0,-12.02105,40.8,42.8,0.28,155,0,False,-58,1800
1928.12,UNS,0,4294967295,0,-12.02105,41.8,42.8,0.14,155,0,False,-54,1800
1929.15,UNS,0,4294967295,0,-12.02105,42.8,42.8,0,155,0,False,-50,1800
1930.17,UNS,0,4294967295,0,-12.02105,41.8,42.8,0.14,155,10,True,-51,1800
1931.19,UNS,0,4294967295,0,-12.02105,41.8,42.8,0.14,155,10,True,-52,1800
1932.22,UNS,0,4294967295,0,-12.02105,40.8,42.8,0.28,155,10,True,-53,1800
1933.04,UNS,0,4294967295,0,-12.02105,40.8,42.8,0.28,155,10,True,-57,1800
1934.06,ACQ,0,4294967295,0,-12.02105,40.8,42.8,0.28,156,11,True,-63,1800
1935.09,ACQ,0,4294967295,0,-11.81684,40.8,40.8,0,157,11,True,-55,1800
1936.11,ACQ,0,4294967295,0,-11.75347,40.8,40.8,0,158,11,True,-58,1800
1937.13,LCK,0,16,0,-11.60278,41.8,41.8,0,159,11,True,-59,1800
1938.16,LCK,0,16,0,-11.58222,41.8,41.8,0,160,11,True,-60,1800
1939.19,LCK,0,16,0,-11.54578,41.8,41.8,0,161,11,True,-51,1800
1940.21,LCK,0,16,0,-11.53662,41.8,41.8,0,162,11,True,-50,1800
